Indicators,Production,Increase,Cows,MS,Fat,Protein,Herd,Adjusted net national income (annual % growth),Adjusted net national income (constant 2005 US$),Adjusted net national income (current US$),Adjusted net national income per capita (current US$),Adjusted savings: carbon dioxide damage (% of GNI),Adjusted savings: carbon dioxide damage (current US$),Adjusted savings: consumption of fixed capital (% of GNI),Adjusted savings: consumption of fixed capital (current US$),Adjusted savings: education expenditure (% of GNI),Adjusted savings: education expenditure (current US$),Adjusted savings: energy depletion (% of GNI),Adjusted savings: energy depletion (current US$),Adjusted savings: mineral depletion (% of GNI),Adjusted savings: mineral depletion (current US$),Adjusted savings: natural resources depletion (% of GNI),"Adolescent fertility rate (births per 1,000 women ages 15-19)",Age dependency ratio (% of working-age population),"Age dependency ratio, old (% of working-age population)","Age dependency ratio, young (% of working-age population)",Agricultural land (% of land area),Agricultural land (sq. km),Agricultural raw materials exports (% of merchandise exports),Agricultural raw materials imports (% of merchandise imports),Agriculture value added per worker (constant 2005 US$),"Agriculture, value added (annual % growth)","Agriculture, value added (constant 2005 US$)","Agriculture, value added (constant LCU)","Air transport, freight (million ton-km)","Air transport, passengers carried","Air transport, registered carrier departures worldwide",Alternative and nuclear energy (% of total energy use),Arable land (% of land area),Arable land (hectares per person),Arable land (hectares),Arms imports (SIPRI trend indicator values),"Birth rate, crude (per 1,000 people)",Cereal production (metric tons),Cereal yield (kg per hectare),Changes in inventories (current LCU),Changes in inventories (current US$),Consumer price index (2010 = 100),Crop production index (2004-2006 = 100),"Death rate, crude (per 1,000 people)",DEC alternative conversion factor (LCU per US$),Discrepancy in expenditure estimate of GDP (constant LCU),Discrepancy in expenditure estimate of GDP (current LCU),Exports as a capacity to import (constant LCU),Exports of goods and services (% of GDP),Exports of goods and services (annual % growth),Exports of goods and services (constant 2005 US$),Exports of goods and services (constant LCU),Exports of goods and services (current LCU),Exports of goods and services (current US$),External balance on goods and services (% of GDP),External balance on goods and services (constant LCU),External balance on goods and services (current LCU),External balance on goods and services (current US$),"Fertility rate, total (births per woman)",Final consumption expenditure (constant 2005 US$),Final consumption expenditure (constant LCU),Final consumption expenditure (current LCU),Final consumption expenditure (current US$),"Final consumption expenditure, etc. (% of GDP)","Final consumption expenditure, etc. (annual % growth)","Final consumption expenditure, etc. (constant 2005 US$)","Final consumption expenditure, etc. (constant LCU)","Final consumption expenditure, etc. (current LCU)","Final consumption expenditure, etc. (current US$)",Fixed telephone subscriptions,Fixed telephone subscriptions (per 100 people),Food exports (% of merchandise exports),Food imports (% of merchandise imports),Food production index (2004-2006 = 100),"Foreign direct investment, net inflows (% of GDP)","Foreign direct investment, net inflows (BoP, current US$)",Forest rents (% of GDP),Fossil fuel energy consumption (% of total),Fuel exports (% of merchandise exports),Fuel imports (% of merchandise imports),GDP (constant 2005 US$),GDP (constant LCU),GDP (current LCU),GDP (current US$),GDP deflator (base year varies by country),GDP growth (annual %),GDP per capita (constant 2005 US$),GDP per capita (constant LCU),GDP per capita (current LCU),GDP per capita (current US$),GDP per capita growth (annual %),General government final consumption expenditure (% of GDP),General government final consumption expenditure (annual % growth),General government final consumption expenditure (constant 2005 US$),General government final consumption expenditure (constant LCU),General government final consumption expenditure (current LCU),General government final consumption expenditure (current US$),Gross capital formation (% of GDP),Gross capital formation (annual % growth),Gross capital formation (constant 2005 US$),Gross capital formation (constant LCU),Gross capital formation (current LCU),Gross capital formation (current US$),Gross domestic income (constant LCU),Gross domestic savings (% of GDP),Gross domestic savings (constant LCU),Gross domestic savings (current LCU),Gross domestic savings (current US$),Gross fixed capital formation (% of GDP),Gross fixed capital formation (annual % growth),Gross fixed capital formation (constant 2005 US$),Gross fixed capital formation (constant LCU),Gross fixed capital formation (current LCU),Gross fixed capital formation (current US$),Gross national expenditure (% of GDP),Gross national expenditure (constant 2005 US$),Gross national expenditure (constant LCU),Gross national expenditure (current LCU),Gross national expenditure (current US$),Gross national expenditure deflator (base year varies by country),Household final consumption expenditure (annual % growth),Household final consumption expenditure (constant LCU),Household final consumption expenditure (current LCU),Household final consumption expenditure (current US$),Household final consumption expenditure per capita (constant 2005 US$),Household final consumption expenditure per capita growth (annual %),"Household final consumption expenditure, etc. (% of GDP)","Household final consumption expenditure, etc. (annual % growth)","Household final consumption expenditure, etc. (constant 2005 US$)","Household final consumption expenditure, etc. (constant LCU)","Household final consumption expenditure, etc. (current LCU)","Household final consumption expenditure, etc. (current US$)",Imports of goods and services (% of GDP),Imports of goods and services (annual % growth),Imports of goods and services (constant 2005 US$),Imports of goods and services (constant LCU),Imports of goods and services (current LCU),Imports of goods and services (current US$),"Industry, value added (annual % growth)","Industry, value added (constant 2005 US$)","Industry, value added (constant LCU)","Inflation, consumer prices (annual %)","Inflation, GDP deflator (annual %)",Land area (sq. km),Land under cereal production (hectares),"Life expectancy at birth, female (years)","Life expectancy at birth, male (years)","Life expectancy at birth, total (years)",Livestock production index (2004-2006 = 100),Manufactures exports (% of merchandise exports),Manufactures imports (% of merchandise imports),"Manufacturing, value added (annual % growth)","Manufacturing, value added (constant 2005 US$)","Manufacturing, value added (constant LCU)",Merchandise exports (current US$),Merchandise exports by the reporting economy (current US$),"Merchandise exports by the reporting economy, residual (% of total merchandise exports)",Merchandise exports to developing economies in East Asia & Pacific (% of total merchandise exports),Merchandise exports to developing economies in Latin America & the Caribbean (% of total merchandise exports),Merchandise exports to developing economies in Middle East & North Africa (% of total merchandise exports),Merchandise exports to developing economies in South Asia (% of total merchandise exports),Merchandise exports to developing economies in Sub-Saharan Africa (% of total merchandise exports),Merchandise exports to developing economies outside region (% of total merchandise exports),Merchandise exports to economies in the Arab World (% of total merchandise exports),Merchandise exports to high-income economies (% of total merchandise exports),Merchandise imports (current US$),Merchandise imports by the reporting economy (current US$),"Merchandise imports by the reporting economy, residual (% of total merchandise imports)",Merchandise imports from developing economies in East Asia & Pacific (% of total merchandise imports),Merchandise imports from developing economies in Latin America & the Caribbean (% of total merchandise imports),Merchandise imports from developing economies in Middle East & North Africa (% of total merchandise imports),Merchandise imports from developing economies in South Asia (% of total merchandise imports),Merchandise imports from developing economies in Sub-Saharan Africa (% of total merchandise imports),Merchandise imports from developing economies outside region (% of total merchandise imports),Merchandise imports from economies in the Arab World (% of total merchandise imports),Merchandise imports from high-income economies (% of total merchandise imports),Merchandise trade (% of GDP),"Mortality rate, infant (per 1,000 live births)",Natural gas rents (% of GDP),Net current transfers from abroad (constant LCU),Number of infant deaths,Number of under-five deaths,"Official exchange rate (LCU per US$, period average)",Oil rents (% of GDP),Ores and metals exports (% of merchandise exports),Ores and metals imports (% of merchandise imports),"Patent applications, nonresidents","Patent applications, residents",Permanent cropland (% of land area),Population ages 0-14 (% of total),Population ages 15-64 (% of total),Population ages 65 and above (% of total),Population density (people per sq. km of land area),Population growth (annual %),Population in largest city,Population in the largest city (% of urban population),Population in urban agglomerations of more than 1 million,Population in urban agglomerations of more than 1 million (% of total population),"Population, female (% of total)","Population, total",Real effective exchange rate index (2010 = 100),Rural population,Rural population (% of total population),Rural population growth (annual %),"Survival to age 65, female (% of cohort)","Survival to age 65, male (% of cohort)",Total natural resources rents (% of GDP),"Total reserves (includes gold, current US$)",Total reserves minus gold (current US$),Trade (% of GDP),Urban population,Urban population (% of total),Urban population growth (annual %),Wholesale price index (2010 = 100)
1980,5997.00,,2045808.00,506.00,291.00,215.00,16506.00,0.25,43406025245,18513949103,5947.492404,0.227529928,51085320,16.83942223,3780809472,3.799999878,853180992,0.374692947,84126560,0.09870927,22162338,0.473402217,37.2904,58.59753093,15.46373054,43.1338004,63.82970643,168070,26.38952593,1.668118667,17615.05332,12.25478574,2642257998,3752728900,185.8999939,3497500,87700,29.45550048,9.935057537,0.840373928,2616000,0,16.2,755828,3941.387,-33000000,-31847133.76,23.47698751,40.36,8.5,1.0362,1789159100,106940000,11417945432,29.06090307,3.170093022,10803492756,15343914000,6938000000,6695618606,-1.130937421,3481626500,-270000000,-260567458,2.03,44833784933,63676234700,19179060000,18509033005,80.78244115,1.01639222,46093741189,65465717126,19286000000,18612237020,1136453,36.11016582,47.90233757,5.97683511,58.76,0.773613169,178240115.7,1.801472187,64.76561959,1.131187273,22.45981613,57079539452,81068554800,23874000000,23039953677,29.44914962,1.266019567,18336.45136,26042.77516,7669.375823,7401.443566,1.139148329,20.27754042,0.91760696,11941487128,16960177200,4841060000,4671935920,20.34849627,-7.582805597,8534648341,12121534500,4858000000,4688284115,77142586232,19.21755885,11677192403,4588000000,4427716657,20.48672196,-1.462503752,8089058094,11488674500,4891000000,4720131249,101.1309374,54628161879,77586928300,24144000000,23300521135,31.11864399,-0.240361161,46792216000,14338000000,13837097086,10583.67446,-0.365345128,60.50490073,1.051010966,34152265815,48505556621,14444940000,13940301100,30.1918405,-6.893742944,8352115182,11862287500,7208000000,6956186064,-1.073515661,17514880803,24875920300,17.09276844,14.91289329,263310,191767,75.8,70,72.82926829,65.9,20.16963482,65.32122308,-1.220913987,11057216289,15704270800,5421000000,5415420000,3.088218458,10.72806911,1.825158529,4.673506395,0.745648537,0.769100088,23.24251859,2.79387379,73.66926296,5473000000,5475240000,0.880691988,4.529664453,0.585910389,0.356879333,0.944068205,0.894024737,7.642404717,10.04211688,91.4769033,47.28308118,12.7,0.394839704,-2068315957,587,742,1.026679999,0.360456467,4.399795473,4.040028512,2290,1148,0.13292317,27.19701958,63.05267334,9.750307083,11.82218678,0.125363651,773779,29.79476556,773779,24.85717498,50.27299118,3112900,85.16703749,515870,16.572,-0.476116784,83.08717,72.36095,2.782108476,365276591.6,352086529.1,59.25274357,2597030,83.428,0.245272689,25.71685996
1981,5868.00,NO,2027096.00,491.00,282.00,209.00,16089.00,4.72,45455820865,19557873700,6258.719863,0.227421895,53523952,16.06682968,3781343488,3.999999911,941403712,0.527631402,124178544,0.077217236,18173148,0.604848638,35.0642,57.53909738,15.59720767,41.94188971,65.82355399,173320,22.92428688,1.536478704,17336.36169,-0.269883604,2635126977,3742600900,199.6000061,3316100,78000,29.5536003,9.722380464,0.819226215,2560000,31000000,16.2,799797,4426.618,165000000,137374073.8,27.07981904,42.36,8,1.2011,2727692300,311965000,11859488374,28.19859523,2.304515002,11052460867,15697516800,8190000000,6818749480,-3.102189781,2533339900,-901000000,-750145699.8,2.01,45727154442,64945063700,22613035000,18826937807,78.93196529,3.370650483,47647400099,67672337637,22925000000,19086670552,1173276,37.06556534,51.15255763,5.788581674,60.96,1.135616722,274605379.1,1.481931329,64.54419083,1.223655428,19.41654248,59728305211,84830526500,29044000000,24181167263,34.23767504,4.640482008,19113.6693,27146.63717,9294.37742,7738.221147,4.238649699,19.84587178,1.837469009,12160908253,17271815200,5764035000,4798963450,24.17022449,20.64834366,10296911860,14624430600,7020000000,5844642411,80992498074,21.06803471,13319742071,6119000000,5094496711,23.60212092,20.65263142,9759661448,13861388100,6855000000,5707268337,103.1021898,57944606524,82297186600,29945000000,24931312963,36.38642004,2.04604394,47749605300,16849000000,14027974357,10758.74691,1.654174592,59.08609351,3.906669744,35486482051,50400508526,17160965000,14287707102,31.30078502,10.97502821,9268762180,13164176900,9091000000,7568895179,7.408907802,18812542173,26718954300,15.34622583,16.26031815,263310,180679,76.9,70.5,73.62195122,68.52,20.55660506,69.19066229,7.674479862,11905800127,16909491900,5622000000,5622150000,3.439253666,10.24536876,1.783125673,5.709203774,1.322625686,1.012068337,24.71225421,3.279706162,71.84849212,5734000000,5744290000,0.746132246,5.968535711,0.651951764,0.023153427,0.742650528,0.596766528,8.19666138,7.811931501,91.05720637,46.96216637,12.4,0.507557333,-2266628015,570,713,1.152794999,0.414163232,4.137962311,3.49532956,2424,1033,0.14051878,26.62318039,63.47635651,9.900527954,11.86776043,0.384751509,781206,29.93545074,781206,24.99939198,50.30474854,3124900,86.49367099,515265,16.489,-0.117346433,83.379,72.93388,2.65593943,682774776.5,673880714,59.49938025,2609635,83.511,0.484188041,30.04724735
1982,5979.00,YES,2060898.00,491.00,282.00,209.00,15821.00,0.29,45586465923,19193395722,6081.364888,0.273893207,63406980,15.84557629,3668291072,4.099999741,949160384,0.890473366,206146848,0.082134277,19014294,0.972607642,32.838,56.45339269,15.66500436,40.78838832,63.53347765,167290,20.83542271,1.504526764,17553.97283,3.919840879,2738419761,3889304900,221.3999939,3073900,75000,26.63656892,9.673009001,0.80700865,2547000,62000000,15.8,881870,4537.675,248000000,180626365.6,31.45887036,44.84,8,1.373,2970565800,-233888000,12046562342,28.05915536,1.558404448,11224702909,15942147600,9202000000,6702112163,-3.049245312,2586460900,-1000000000,-728332119.4,1.95,45311243339,64354356200,25687888000,18709313911,77.61549017,-0.512586948,47403165745,67325458067,25454000000,18538965768,1197726,37.55647695,53.85714889,6.722306349,61.84,1.371612022,327618472.3,1.279055476,68.04110192,0.269310444,16.58543338,60282071175,85617025600,32795000000,23885651857,38.30429727,0.927141599,19100.17781,27127.47556,10390.98888,7568.090953,-0.070585601,19.66729075,0.55803573,12228770466,17368198100,6449888000,4697660597,25.43375515,7.393191089,11058182230,15705642700,8341000000,6075018208,81721440342,22.38450983,14396518313,7341000000,5346686089,24.67754231,6.944686874,10437439375,14824018100,8093000000,5894391843,103.0492453,58460970536,83030564700,33795000000,24613983977,40.70187903,-1.378753386,47091256000,19238000000,14011653314,10505.51986,-2.353685389,57.94819942,-0.879479003,35174385893,49957246636,19004112000,13841305171,31.10840067,1.454779903,9403602270,13355686700,10202000000,7430444283,1.204191213,19039081153,27040701600,16.17090319,11.87762377,263310,194344,76.9,70.7,73.72439024,69.02,20.49970372,70.60622419,0.911285217,12014295923,17063585600,5571000000,5661170000,3.843375133,9.758053547,2.299524657,2.579855401,1.076279285,0.836046259,22.1878163,2.43801193,73.96880857,5782000000,5806190000,1.108988855,6.344608082,0.877167299,0.027040107,0.738522163,0.570253471,9.289913007,4.270442407,89.60109814,47.53062662,12.1,0.924015701,-2636079264,574,708,1.332608332,0.59574008,4.533672534,3.599960371,2547,986,0.121529756,26.07065964,63.91687012,10.01256466,11.98625195,0.993480548,788715,29.90972645,788715,24.99017775,50.33370972,3156100,89.08360624,519115,16.448,0.744410715,83.67083,73.506798,3.083850563,646131517.8,635908380.3,59.16755603,2636985,83.552,1.042585426,34.57673301
1983,6096.00,YES,2128199.00,505.00,290.00,214.00,15816.00,3.26,47073906867,19163710348,5989.96979,0.284978449,65674272,15.73751736,3626765312,3.999999911,921813888,0.765231311,176350208,0.055746019,12846863,0.82097733,32.6432,55.4100103,15.70096264,39.70904767,63.53727545,167300,21.53088202,1.339488671,15932.66267,-6.32704574,2565158690,3643226800,262.8999939,3222000,78600,27.93390861,9.817325586,0.807989248,2585000,100000000,15.8,872190,4532.105,375000000,246451104.1,33.7728841,46.75,8.1,1.5216,2068120600,-248545000,12703583418,28.72450932,6.089140085,11908190793,16912887300,10508000000,6905888538,-1.23558034,3662861200,-452000000,-297055730.8,1.92,46666958177,66279842000,27826545000,18287687303,75.38680225,1.517346812,48122436170,68347018759,27578000000,18124342797,1225569,38.10472099,51.71401152,6.293552546,63.94,0.727596112,174927188.3,1.086808324,66.94134311,0.270089724,18.10374458,62365157982,88575578500,36582000000,24041798107,41.30032298,3.455566085,19493.37605,27685.92458,11434.37627,7514.70575,2.058610359,18.79761905,2.728449994,12562426353,17842080700,6876545000,4519285620,25.84877809,5.470084965,11663074194,16564754700,9456000000,6214511041,84366274618,24.61319775,16018312066,9004000000,5917455310,24.82368378,6.501876843,11116068829,15787857500,9081000000,5968059937,101.2355803,59786174912,84912717300,37034000000,24338853838,43.61419723,3.082306193,48542752700,20950000000,13768401682,10683.10418,1.690390578,56.5891832,1.096354038,35560021692,50504954926,20701455000,13605057177,29.96008966,-0.791128172,9329207723,13250026100,10960000000,7202944269,3.926339322,19786620083,28102411300,7.355679702,7.821643838,263310,192447,76.9,70.8,73.77560976,71.18,19.8595463,69.61412133,2.636363837,12331036476,17513443800,5414000000,5419390000,4.259889028,9.271892224,1.762190948,6.0337049,1.038124217,0.72332864,23.2420992,3.102194158,72.49801177,5333000000,5358190000,1.870780991,6.563970296,1.125566656,0.487851308,0.637528718,0.48019947,9.616306999,3.066333967,88.51291201,44.7013154,11.9,0.931517661,-3671406173,594,723,1.496773332,0.517472088,5.693872302,3.721476277,2683,1110,0.136720975,25.55114174,64.34590912,10.10291862,12.15031712,1.359494772,796296,29.77520969,796296,24.88969462,50.36423492,3199300,85.89785255,524941,16.408,1.116043674,83.85633,73.82361,2.688703496,786179963.5,777643901,58.68459898,2674359,83.592,1.407350639,36.46816658
1984,6733.00,YES,2209725.00,564.00,324.00,239.00,15932.00,0.88,47488232072,16663795142,5163.705848,0.364401221,73904520,16.32799149,3311493888,3.90000008,790962304,1.080969214,219232272,0.062417284,12658903,1.143386498,32.4484,54.48936536,15.75336269,38.73600267,62.96380692,165790,20.88864668,1.574964093,16127.61075,4.367164295,2677183385,3802332500,288.3999939,3764900,90500,26.62606128,9.729976074,0.793901645,2562000,37000000,16,1118316,4804.072,1111000000,576065539.8,35.86721299,54.44,8.2,1.9286,1895066700,-443467000,13655601051,32.14294349,9.375411022,13024632625,18498540000,13294000000,6893083065,-2.642713799,3720209000,-1093000000,-566732344.7,1.93,48230527002,68500537300,31281467000,16219779633,74.56176407,2.998273392,49565278369,70396249237,30838000000,15989837188,1259761,38.83852625,48.01897977,6.491883227,64.69,5.888686992,1262834208,0.905778468,68.26088009,0.414750865,13.42422485,65348319556,92812483700,41359000000,21445089702,44.56189335,4.783378525,20249.85887,28760.33705,12816.15072,6645.313037,3.880717336,18.13502986,1.818672976,12790895806,18166569800,7500467000,3889073421,28.08094973,12.8701936,13164134423,18696670700,11614000000,6021984859,87969544751,25.43823593,17573940707,10521000000,5455252515,25.39471457,5.614706745,11740203496,16674299400,10503000000,5445919320,102.6427138,62728958487,89092274700,42452000000,22011822047,47.6494737,3.874022167,50423309700,23781000000,12330706212,11001.37465,2.97919467,56.42673421,3.414994602,36774394514,52229696411,23337533000,12100763766,34.78565729,11.53435388,10405271556,14778331000,14387000000,7459815410,7.122337577,21195889960,30103959900,6.201214224,7.89720306,263310,232785,77.7,71.2,74.37073171,70.9,21.36976801,72.89239753,8.018360729,13319783463,18917734900,5518000000,5395950000,3.603628647,8.574579082,1.972961202,6.012657641,0.738516851,0.557640453,19.28131284,3.474272371,77.11505852,6203000000,6166800000,1.49980541,5.316695855,1.109489525,0.123240579,0.706525264,0.784523578,8.405169618,2.625672958,90.09502497,54.65586837,11.6,1.27795279,-5038040848,610,740,1.763992499,0.710965455,5.958439555,3.256057943,3011,1001,0.14811439,25.07357597,64.72934723,10.19704723,12.25589609,0.865186525,803961,29.7882376,803961,24.91280097,50.40239334,3227100,79.84967042,528179,16.367,0.614936608,84.04183,74.14042,3.03696656,1793573443,1786675230,66.92860079,2698921,83.633,0.914233804,39.05644408
1985,6965.00,YES,2280273.00,578.00,332.00,245.00,15881.00,0.53,47740366459,18706278054,5760.918375,0.379569024,87194672,16.70193291,3836771328,3.500000015,804020736,1.420907974,326411264,0.066886328,15365142,1.487794302,32.2536,53.74072648,15.85454601,37.88618048,62.45869887,164460,20.76946919,1.485953847,18548.16517,18.47287948,3171736245,4504732800,305.3999939,4158600,96200,23.88105742,9.578063879,0.776693049,2522000,9000000,15.9,1183506,4611.811,-154000000,-78772378.52,41.39265453,59.12,8.4,1.955,3107488800,-507243000,13962928549,29.60241191,1.659052552,13240718125,18805440500,14139000000,7232225064,-2.206729058,3801637300,-1054000000,-539130434.8,1.93,48918686452,69477911900,36842243000,18845137084,76.07352972,3.112865477,51108178808,72587589776,36335000000,18585677749,1295022,39.6187608,48.30079501,6.21886869,69.76,5.179940913,1265521830,1.160546541,71.37562006,1.651889779,12.7015388,66403578523,94311240000,47763000000,24431202046,50.64401656,1.614821886,20450.11811,29044.75994,14709.43303,7524.006666,0.988941428,18.2950045,1.733132911,13012579031,18481420600,8738243000,4469689514,26.13319934,-4.13158424,12620247120,17924202000,12482000000,6384654731,89468728049,23.92647028,16883327337,11428000000,5845524297,26.45562465,6.933565677,12554218215,17830422900,12636000000,6463427110,102.2067291,63726884621,90509602700,48817000000,24970332481,53.9357135,1.367016176,51112604500,28104000000,14375447570,11083.07768,0.742662037,57.77852522,3.592757691,38095609401,54106182846,27596757000,14115988235,31.80914097,1.525694613,10564024224,15003803200,15193000000,7771355499,-3.289771855,20498593538,29113608300,15.40527149,13.64870914,263310,256625,76.8,71,73.82926829,75.89,21.77319494,75.08717729,-5.083627639,12642655269,17956027700,5720000000,5735650000,4.537759452,8.395561096,2.177434118,5.347257939,1.088978581,0.67786563,19.57877486,3.745521432,75.88346569,5992000000,5962650000,1.473170486,4.173815334,1.194938492,0.060878972,0.621703437,0.553277486,6.751192842,3.035563047,91.77563667,47.93869732,11.3,1.321451783,-5633154401,619,744,2.0233725,0.85078311,5.343265824,3.229963429,2967,1008,0.163305609,24.64291,65.04457855,10.31251144,12.33185219,0.617838918,811678,29.87464602,811678,24.99701272,50.45178223,3247100,81.29046774,530154,16.327,0.373228897,84.22733,74.45723,3.49536843,1603038955,1595722330,61.41155288,2716946,83.673,0.665639188,45.06257529
1986,7326.00,YES,2321012.00,609.00,350.00,257.00,15753.00,8.20,51653430384,23928042537,7370.866074,0.328682542,94504392,15.43844509,4438936064,3.299999982,948831872,0.955111086,274618144,0.05697215,16380908,1.012083236,32.0588,53.17198449,16.01168831,37.16029618,62.69796058,165090,22.08768325,1.333811104,17789.0801,-1.849057507,3113089018,4421437700,318.6000061,4527300,93100,25.63721739,9.817325586,0.796291162,2585000,38000000,16.3,1187936,4451.833,588000000,310519645.1,46.86386183,63.93,8.3,1.8936,3234340300,-9900,15603413877,26.88611279,4.594370975,13849045836,19669432200,15436392800,8151876215,0.508127983,4360911500,291736600,154064533.2,1.96,50504386367,71730039400,43413299100,22926330323,75.61446546,3.27727043,52783132039,74966481392,43413289200,22926325095,1327766,40.3496451,48.16415582,6.466982705,67.79,4.003008117,1213713076,1.019919515,69.68552296,0.838593396,8.644681547,68189688576,96848004700,57414000000,30320025349,59.28258427,2.689779818,21005.35643,29833.35018,17685.98096,9339.871653,2.715086113,18.49396175,0.67796574,13100799859,18606718300,10618123200,5607373891,23.87740656,-2.239923987,12337563177,17522713500,13708974200,7239635720,92781986377,24.38553454,17817606685,14000710800,7393700253,22.85331104,-5.731145053,11834717759,16808535500,13121000000,6929129700,99.49187202,65119215436,92487093200,57122263400,30165960815,61.76241616,4.118504859,53217679600,32795175800,17318956379,11542.37851,4.144163241,57.12050371,4.165111667,39682334073,56359765780,32795166000,17318951204,26.37798481,2.030935063,10778572696,15308520700,15144656200,7997811681,1.07803367,20719575278,29427462800,13.21782178,17.05743008,263310,266842,77.4,71,74.12195122,72.72,23.05162389,80.00137681,0.120122336,12657841922,17977596900,5880000000,5942200000,4.058766114,9.055063781,2.728955606,3.828884925,1.135269765,0.506714685,19.33122413,2.706405035,76.61000976,6063000000,6003770000,1.34149043,3.95401556,0.825481323,0.013158399,0.601288857,0.502684147,6.07101871,1.932952128,92.58749086,39.38980876,11,1.14740634,-5007169023,619,743,1.913160833,0.35110569,4.979827166,2.18488322,3128,957,0.163305609,24.26051903,65.28610992,10.45340252,12.32881395,-0.024640404,820790,30.17887673,820790,25.28386163,50.51556778,3246300,82.1946118,526550,16.22,-0.682123655,84.41283,74.77404,2.639504924,3779914112,3771167725,53.26409761,2719750,83.78,0.103150893,47.65085276
1987,6385.00,NO,2281849.00,524.00,301.00,222.00,15315.00,1.92,52643687981,31998582453,9772.349882,0.272610724,103162784,14.51887798,5494309888,3.799999878,1438015872,0.612249672,231690720,0.039055768,14779689,0.651305441,31.864,52.76273715,16.21075143,36.55198572,62.54984619,164700,23.87912498,1.439881809,19680.13726,10.63043815,3444024020,4891455900,335.3999939,4812300,98700,25.79143649,9.935057537,0.798924994,2616000,5000000,16.8,1000380,4453.318,-413000000,-255648406.1,54.24077056,67.67,8.4,1.6155,1171574800,-398100,18192067427,26.36832642,7.308133684,14861152619,21106900600,17038157800,10546677685,2.256967934,4471963200,1458362400,902731290.6,2.03,51703970991,73433777600,49160150700,30430300650,76.07984493,-0.482301728,52528558081,74604916757,49159752600,30430054225,1370000,41.3782022,47.26707651,6.721791604,67.43,3.210513688,1284125983,0.731732965,69.35755576,0.91961978,6.671888454,67466952335,95821521600,64616000000,39997523986,67.4337027,-1.059890808,20604.37098,29263.84119,19733.69167,12215.22233,-1.908967607,18.13432695,1.305982582,13271894023,18849718800,11717676700,7253281770,21.66318714,-4.44284785,11789424017,16744206000,13997885000,8664738471,92906688427,23.92015507,18301336107,15456247400,9567469762,22.30252569,3.422974595,12239817142,17383887400,14411000000,8920458063,97.74303207,64318288830,91349558400,63157637600,39094792696,69.13841589,2.8393318,54728706100,37442474000,23177018880,11768.23896,1.956792946,57.94551798,-1.07269424,39256663961,55755197819,37442075900,23176772454,24.11135849,8.664564826,11712489114,16634937400,15579795400,9643946394,-2.345509039,20233595767,28737239000,15.74114561,13.74960038,263310,224637,77.2,71.3,74.17804878,71.89,21.59436182,81.75164526,-4.672924889,12066350477,17137517300,7195000000,7235900000,3.053248387,7.892867508,2.325626391,2.615016791,1.332107962,0.504705704,16.377783,2.009010628,80.56896861,7276000000,7273210000,1.039156026,3.173564355,1.062529475,0.119067097,0.643457291,0.335890205,5.558618547,3.040335698,93.40222543,36.17973954,10.6,0.600048244,-5163294399,607,728,1.694560833,0.348685741,5.4671804,2.343729158,3368,912,0.167103414,23.92729187,65.46098328,10.61172676,12.43553226,0.861875993,832749,30.26730854,832749,25.4321097,50.59034729,3274400,94.93512662,523085,15.975,-0.660231907,84.598341,75.090845,1.763167523,3270435792,3259603086,50.47968491,2751315,84.025,1.153901489,51.43371993
1988,6921.00,YES,2236290.00,579.00,333.00,245.00,14818.00,4.15,54827610457,36336702264,11066.79121,0.266068935,113801072,14.16428661,6058245632,4.300000146,1839164800,0.575234652,246035168,0.038549256,16488006,0.613783907,32.1708,52.49507923,16.43588507,36.05919415,62.03714253,163350,24.83375685,1.394991108,19466.45105,-2.781468397,3348229581,4755401600,320.2999878,5093600,111500,25.78548805,9.566670464,0.767192544,2519000,59000000,17.3,769347,4611.148,-114000000,-73429951.69,57.69869652,66.31,8.4,1.5525,1181196200,-141700,19653973763,26.23101803,2.124295312,15176847388,21555273500,18371418100,11833441610,3.986996159,4888614900,2792372500,1798629630,2.1,52883901301,75109601300,53301163100,34332472206,76.10408984,2.258780944,53715063141,76290078400,53301021400,34332380934,1406000,42.1867752,44.69021499,7.70432504,69.84,3.80692843,1717396757,0.665035367,69.381136,1.38883381,5.454240822,68797170041,97710794500,70037000000,45112399356,71.67785336,1.971658213,20953.02736,29759.0286,21330.63288,13739.53809,1.692147667,18.03869555,0.181632948,13296000156,18883956100,12633761200,8137688374,19.908914,-1.27103011,11639576888,16531382100,13943606100,8981388792,95809494763,23.89591016,19518697305,16735978600,10780018422,20.07224753,-2.578287524,11924239463,16935680800,14058000000,9055072464,96.01300384,65355146340,92822179600,67244627500,43313769726,72.44456852,2.939428893,56337417500,40667402000,26194783897,12080.95233,2.65726563,58.06539429,2.961010705,40419057983,57406115195,40667260200,26194692560,22.24402187,0.190690228,11734823687,16666658600,15579045600,10034811981,-1.862515045,19856742002,28202003600,6.37514167,6.293812277,263310,166845,77.6,71.4,74.42439024,74.32,21.39738988,82.12386634,-0.794012911,11970542096,17001443200,8784000000,8857750000,2.924218904,10.23804013,2.306567695,1.903869493,1.182128644,0.428551269,18.23070193,2.221331602,78.84507917,7342000000,7383490000,0.869236635,3.413291005,1.262140262,0.464549962,0.607030009,0.408072605,6.579950674,2.794748825,92.55081269,35.74626983,10.2,0.530648947,-5070906972,591,708,1.526400833,0.286092252,6.375347535,3.069038154,3622,803,0.174699024,23.64613724,65.57585907,10.77797127,12.46971251,0.274482468,844899,30.53642835,844899,25.73244198,50.66523743,3283400,101.2308026,516544,15.732,-1.258350106,84.9742,75.85708,1.563654862,2845129980,2835949816,48.47503991,2766856,84.268,0.563267832,54.12154656
1989,6533.00,NO,2269073.00,541.00,311.00,237.00,14744.00,0.23,54952606125,35219008365,10675.01466,0.287819028,119649552,14.25881863,5927548928,4.600000009,1912270976,0.67841059,282022784,0.055032618,22877668,0.733443208,32.4776,52.34077568,16.66157971,35.67919596,61.73711595,162560,21.68546588,1.19979266,18603.5185,-5.544166869,3162598146,4491754200,317.3999939,5723500,126500,27.98362009,9.623637538,0.768064985,2534000,26000000,17.5,671430,4275.753,1289000000,762857311.9,60.99781404,63.77,8.2,1.6897,702638100,262300,19841722201,26.42098927,-1.968548439,14878083795,21130947500,19555231000,11573197017,0.72615235,1834553600,537454400,318076818.4,2.12,53912843293,76570980300,56938277700,33697270344,76.92941876,1.289766589,54407862079,77274042342,56938540000,33697425579,1444000,42.96558974,45.6029182,7.447746629,67.5,3.714548983,1627085450,0.824903429,67.44534779,2.081920419,6.061583469,69141759809,98200206200,74014000000,43803041960,75.37051384,0.500877823,20957.12894,29764.85396,22433.92338,13276.86771,0.019575122,18.09459737,4.3742222,13877596746,19709982300,13392535300,7925984080,22.34442889,15.48964318,13442505815,19092034200,16538005600,9787539563,96910980901,23.07058124,19637362538,17075460000,10105616382,20.60285892,4.77545668,12493676353,17744436900,15249000000,9024678937,99.27384765,67850069401,96365652600,73476545600,43484965142,76.24765009,1.191203874,57008511000,43545742400,25771286264,12166.31576,0.706595175,58.83482139,0.275135391,40530265117,57564059735,43546004700,25771441498,25.69483692,15.77841944,13586393388,19296393900,19017776600,11255120199,-0.103717454,19836147095,28172753200,5.717837166,5.151745345,263310,157032,78,71.8,74.82439024,72,22.8017858,82.01176192,-0.800733787,11874689921,16865306900,8875000000,8872746232,3.504713923,8.806777913,2.477393652,1.860226479,1.319744018,0.514856238,17.27175879,1.747223944,79.22352728,8784000000,8813361130,0.846577815,4.091933634,1.178739221,0.231638637,0.67896611,0.143572626,6.708622804,4.109282881,92.44479938,40.31455171,9.7,0.509421647,-5003448539,567,680,1.672148333,0.420771718,6.480644777,2.991735152,3660,807,0.170901219,23.42065048,65.64231873,10.93703365,12.52971782,0.480054396,857192,30.74552496,857192,25.98181377,50.72519302,3299200,96.05843187,511178,15.494,-1.044260756,85.35005,76.62331,1.872069359,3027431844,3026842374,52.1158262,2788022,84.506,0.76207263,57.95418828
1990,6868.00,YES,2313822.00,572.00,330.00,242.00,14595.00,-0.88,54469244636,36292108839,10899.18579,0.270842493,116942352,14.7054615,6349414400,6.599999964,2849698816,0.92687887,400200832,0.043050684,18588104,0.969929554,32.7844,52.27623196,16.86878397,35.40744799,61.45607839,161820,18.48031652,1.194601497,21839.35248,18.08421752,3734529273,5304052800,325.1000061,5865600,128300,26.96409454,10.04519388,0.794342003,2645000,23000000,17.5,869904,5033.963,-154000000,-92033705.85,64.71871314,74.74,8.1,1.6733,754730700,-47300,20116811838,26.99636148,6.955551804,15912936621,22600721500,20371994300,12174741110,0.921891946,3170873600,695678100,415752166.4,2.18,54207195904,76989041500,59998105200,35856155621,79.50764345,0.607466739,54738371744,77743456447,59998057900,35856127353,1469000,43.23152882,46.98181239,6.775995318,65.42,3.847396106,1735087581,0.976342082,66.87888017,3.941156994,7.717099739,69293784687,98416123100,75462000000,45097711110,76.67646075,0.219874182,20810.19421,29556.16647,22662.62238,13543.66962,-0.701120517,18.7934689,0.957413341,14010462709,19898688300,14181927500,8475424311,19.5704646,-8.330997542,12322610986,17501477300,14768264000,8825831590,95932213438,20.49235655,18188441247,15463942100,9241583757,19.77551615,-2.745337611,12150682757,17257292200,14923000000,8918305146,99.07810805,67061205049,95245249500,74766321900,44681958943,78.49874119,0.419441406,57247628300,45816177700,27380731309,12105.07207,-0.503387265,60.71417455,0.487641135,40727907362,57844765769,45816130400,27380703042,26.07446953,0.691600724,13680356983,19429847900,19676316200,11758988944,-4.332788462,18976688802,26952087400,6.10005319,1.732702682,263310,172807,78.4,72.5,75.37804878,68,23.09073046,81.42370518,-3.738151364,11430796037,16234856200,9394000000,9454369087,5.857989973,8.296197342,2.682371305,2.075188215,1.557018066,0.402984758,17.26469648,3.33563185,76.87731355,9501000000,9566214263,0.836828628,4.515116796,1.045330185,0.126263682,0.576774974,0.169186232,6.616408724,5.263732384,92.54676265,41.89791352,9.2,0.637760818,-4191071964,542,653,1.676203333,0.573453009,5.66613153,2.725423535,3869,802,0.178496829,23.25211716,65.6701355,11.0777483,12.64593065,0.923222729,869681,30.82074565,869681,26.1181152,50.76046753,3329800,93.34183312,508061,15.258,-0.611634703,85.72591,77.38955,2.279702902,4129354399,4128788449,53.07083101,2821739,84.742,1.202097773,60.64201494
1991,7077.00,YES,2402145.00,599.00,343.00,254.00,14685.00,-6.13,51132845383,32623076756,9333.946598,0.316513181,124891096,15.96208477,6298386432,5.900000036,2328046592,1.006928563,397318080,0.037369393,14745372,1.044297956,33.0912,52.29428236,17.05284523,35.24143713,61.21681668,161190,17.21159168,1.085574483,22005.93723,0.762773327,3763015267,5344510700,379.8999939,5370800,109200,26.68999295,8.947628271,0.674086578,2356000,42000000,17.4,809335,5304.749,-88000000,-49516092.73,66.40071663,72.47,8,1.7772,960702800,-216400,21445520359,29.43691808,9.785175221,17470045352,24812241700,22152752700,12464974510,3.72150794,6077931600,2800620800,1575861355,2.16,53177965798,75527253300,60019016600,33771672631,79.75390366,-1.613859367,53854971405,76488786393,60018800200,33771550867,1493000,43.32553203,47.84828287,7.819493858,69.44,3.045949422,1289798131,0.945701361,67.15338967,3.320474138,7.636085059,68179780133,96833932000,75255000000,42344699527,77.71552641,-1.607654366,19507.24733,27705.62559,21531.57277,12115.44721,-6.261099113,19.14937333,-0.501818002,13940155685,19798833100,14410860900,8108744598,16.5245884,-18.47520038,10045983915,14268044300,12435579000,6997287306,93467210659,20.24609634,16979254449,15236199800,8573148661,16.64208358,-17.04218811,10079940545,14316272000,12524000000,7047040288,96.27849206,63900370719,90756000400,72454379200,40768838172,79.83425766,-2.33108574,55913137000,45608155700,25662928033,11263.73132,-6.950315956,60.60453033,-1.996398465,39914816044,56689953753,45607939300,25662806268,25.71541014,-3.579738779,13190635939,18734310100,19352131900,10889113156,-4.177778082,18183884857,25826089000,2.598944591,1.355129923,263310,152568,78.9,73.3,76.03170732,72.4,24.68079374,80.7884785,-2.495626047,11145526114,15829694900,9619000000,9613183630,4.542535477,9.43025876,2.856589491,2.749504597,1.445671182,0.372341127,18.43711984,3.151078909,77.02034468,8381000000,8393501658,0.710587789,4.708740821,1.258257311,0.290239185,0.697067209,0.272083278,7.387522708,5.192259491,91.9018895,42.50827188,8.6,0.750608861,-6600608686,508,616,1.733514167,0.52548635,5.12777514,2.436369989,3550,983,0.182294634,23.14036179,65.66238403,11.19731426,13.2737078,0,885168,29.81876663,885168,25.32597064,50.76643753,3495100,89.11693874,526607,15.067,3.585302069,86.10176,78.15578,2.299823403,2950277967,2949758175,55.15232822,2968493,84.933,5.070105508,61.15635216
1992,7454.00,YES,2438641.00,637.00,365.00,270.00,14452.00,1.40,51848909148,31864757909,9022.498488,0.348439127,134337104,15.92491245,6139685376,6.499999762,2506007808,1.026480436,395748928,0.050415255,19437080,1.076895691,33.398,52.38525689,17.21759294,35.16766396,60.61296571,159600,16.83897873,1.189713799,19372.42925,-12.48207249,3293312973,4677405000,409.8999939,5784400,122900,24.87138608,7.880445103,0.587535748,2075000,55000000,17.28,736193,5440.346,624000000,331773713.3,67.07522565,77.5,7.85,1.8808,806096700,-107800,22330505131,31.5046661,3.42449308,18068305847,25661935200,24432813700,12990649564,3.178753884,5584530600,2465219000,1310728945,2.12,53424802137,75877828400,61371194900,32630367344,79.13438178,0.254574063,53992072193,76683507004,61371087100,32630310028,1534000,43.78947368,49.41610168,7.258968769,71.22,4.690617152,1934131391,1.01582551,69.0948574,2.59634673,6.611843438,68893452486,97847541900,77553000000,41234049341,79.25901713,1.04675074,19507.16439,27705.5078,21959.11317,11675.41109,-0.000425146,19.29272046,0.908938921,14066863185,19978792400,14962083500,7955169875,17.68686434,9.188658743,10969075094,15579086200,13716693900,7293010368,94516111831,20.86561822,17832186731,16181912900,8603739313,16.88135855,2.702888713,10352390120,14703224900,13092000000,6960867716,96.82124612,64961441665,92263011300,75087781000,39923320396,81.38448978,0.323636286,56094092200,46409111400,24675197469,11183.07784,-0.716045762,59.84166132,0.026040354,39925210004,56704716018,46409003600,24675140153,28.32591221,7.16916979,14136295026,20077404600,21967594700,11679920619,2.485701958,18635882039,26468048600,1.015815867,1.986077677,263310,135321,79.3,73.1,76.12439024,73.3,25.39702731,82.07037278,4.493451734,11646344951,16540994600,9785000000,9378014000,4.030533548,9.943736488,3.17110851,2.676334243,1.532275384,0.476796047,18.22551129,3.428284496,77.74395517,9201000000,9201345000,0.752531288,5.989483059,1.19489053,0.394029351,0.788482553,0.206752382,8.671167096,4.371241378,90.57630162,46.04447126,8.2,0.737491786,-6359865516,486,591,1.861791667,0.492004782,4.607510371,2.743141228,3390,1031,0.170901219,23.07810974,65.62312317,11.29871178,13.41270746,1.041735384,906987,30.20122898,906987,25.68131495,50.74911499,3531700,79.85383699,528554,14.966,0.369043626,86.477614,78.922023,2.350715943,3079488628,3078998750,59.83057831,3003146,85.034,1.160598924,62.41730785
1993,7629.00,YES,2603049.00,651.00,373.00,277.00,14458.00,7.19,55577831121,35795199674,10020.49148,0.34678933,148982080,15.31759357,6580499456,6.400000304,2749465856,0.962749779,413601152,0.051484756,22118058,1.014234535,32.6908,52.51813827,17.36253105,35.15560723,60.45725571,159190,18.21989141,1.211223445,22551.6805,17.09598805,3856337366,5477053600,473,6290800,123600,25.51786612,7.329763397,0.540283299,1930000,36000000,16.53,803100,5414.973,1432000000,791991593.4,67.93757262,76.7,7.6,1.8081,1021704100,-358800,24520715716,30.94103882,6.941183454,19322460102,27443177200,25883107200,14315086112,3.692662188,5848889400,3089022700,1708435761,2.05,55240158530,78456130900,63568404300,35157571097,75.99015636,3.64376056,55959414026,79477670389,63568045500,35157372656,1593000,44.69031129,47.70994959,7.744928135,72.89,5.178656674,2395941412,1.077557445,68.4961897,2.617594841,6.4582194,73300484787,1.04107E+11,83653000000,46265693269,80.3531123,6.396881187,20519.70348,29143.5902,23417.78176,12951.59657,5.190601111,18.11781012,1.348567995,14256564400,20248220000,15156091700,8382330457,20.31718145,20.54627761,13222811715,18780008500,16995931800,9399884852,1.01184E+11,24.00984364,21706436337,20084954500,11108320613,18.60542957,17.45568008,12159470220,17269772800,15564000000,8607930977,96.30733781,69182341642,98257843500,80563977300,44557257508,81.99241346,4.058681959,58370773000,48412312600,26775240639,11505.02874,2.878911336,57.87234624,4.452432064,41702852855,59229454976,48411953800,26775042199,27.24837663,7.555175732,15204316957,21594287800,22794084500,12606650351,6.782796598,19899916012,28263322500,1.285641548,1.380404661,263310,148311,79.2,73.8,76.43414634,74.5,26.04223827,81.72581438,6.598521591,12414831537,17632455700,10542000000,10489602525,3.638240921,10.18761735,3.763428975,2.177141492,1.808608721,0.447732068,18.91442248,3.471756879,77.4473366,9636000000,9656901880,0.819980606,6.604352559,1.063955832,0.408235021,0.862446174,0.283985299,9.338216007,4.147765546,89.84180339,43.6133095,7.8,0.750367165,-7437922754,463,563,1.850513333,0.406044811,4.299444663,2.815456657,1866,1236,0.167103414,23.05010033,65.56596375,11.38391018,13.56651855,1.140231107,929282,30.55685714,929282,26.01427692,50.72190475,3572200,82.60043499,531043,14.866,0.469802119,86.72652,79.36628,2.340870246,3337384603,3337384603,58.18941544,3041157,85.134,1.257762925,63.96031943
1994,8603.00,YES,2736452.00,736.00,423.00,313.00,14597.00,7.12,59536466754,42966480118,11869.1934,0.295567483,150976176,14.81751633,7568802816,6.100000069,3115886336,0.692533493,353746816,0.078497574,40096644,0.771031067,31.9836,52.65831966,17.49007932,35.16824034,57.4076184,151160,18.96204068,1.181239861,22232.43382,0.313927912,3868443485,5494247600,555.5999756,7716100,125800,25.60652231,6.482852911,0.471546961,1707000,16000000,15.95,843118,5782.425,1166000000,711887172.6,69.08010801,88.15,7.48,1.6379,824571900,-240800,27099136751,31.14092372,8.647030855,20993279189,29816197200,27883583100,17023983821,2.767319299,5125208800,2477857700,1512825997,2,57999401254,82375010100,67541633000,41236725685,75.43153027,4.682689483,58579819621,83199362901,67541392200,41236578668,1658000,45.75786253,44.83458401,7.506278159,76.3,4.565999479,2496120602,0.884313703,68.26893716,2.095891621,5.628864999,77262422098,1.09734E+11,89540000000,54667562122,81.59749018,5.405062903,21343.21052,30313.19539,24734.80663,15101.5365,4.013250194,17.16985917,0.758883003,14364755044,20401880300,15373891900,9386343428,21.80115044,13.99875831,15073841168,21408976500,19520750100,11918157458,1.07017E+11,24.56846973,23817124790,21998607800,13430983454,20.49921823,16.01560155,14106882521,20035630800,18355000000,11206422859,97.2326807,73653815054,1.04609E+11,87062142300,53154736126,83.22659594,6.321162819,62060484600,52167741200,31850382319,12070.76017,4.917253542,58.2616711,6.024074078,44215063604,62797481219,52167500300,31850235240,28.37360442,14.34036922,17384672145,24690988400,25405725400,15511157824,6.346634229,21162890893,30057092200,1.681743029,1.548636819,263310,145807,79.7,74.2,76.88292683,77.43,28.83462672,83.16536031,6.882476387,13269279386,18846005300,12185000000,11986504517,3.409720704,10.40536387,2.655525461,1.459601851,1.367648358,0.46024226,16.95828393,2.717017077,79.63199537,11913000000,11935289649,0.631570221,7.213383543,0.920235198,0.547472082,0.866731883,0.368364285,10.01267581,3.137172936,89.35575397,44.08098526,7.5,0.527784526,-7201364280,443,538,1.686521667,0.310210437,4.362893408,2.471721468,2517,1254,0.174699024,23.03723526,65.50580597,11.4570179,13.74805363,1.329237335,952156,30.85934044,952156,26.30265193,50.70247269,3620000,88.00029999,534529,14.766,0.654298806,86.97544,79.81054,1.822261825,3708505999,3708505999,59.51452814,3085471,85.234,1.446628482,64.82307861
1995,8633.00,YES,2830977.00,733.00,422.00,311.00,14649.00,5.26,62667911505,50247065090,13678.62609,0.269977808,160425216,14.52141094,8628858880,5.900000036,3505875968,0.573243797,340630784,0.075134195,44645960,0.648377992,31.2764,52.77830343,17.60261088,35.17569255,56.87212791,149750,18.64839791,1.195851691,23551.03004,7.14855479,4144981287,5887006900,580.2999878,7676600,127600,25.90328513,5.996733888,0.429847008,1579000,7000000,15.77,752049,5209.43,1182000000,785069075.5,71.67416742,92.23,7.49,1.5056,792209500,-277100,28159147626,29.61774298,2.915738363,21605388284,30685559500,28288202500,18788657346,1.887655034,4321104900,1802918200,1197474894,1.99,60497763019,85923367000,71926483900,47772638084,75.30672572,4.22623789,61055542154,86715565900,71926206800,47772454038,1719000,46.77474653,44.51001758,7.405218178,77.86,5.227925344,3316447778,0.825143814,67.92836608,1.651716335,5.384301588,80667508335,1.1457E+11,95511000000,63437167906,83.36481273,4.407169934,21959.90318,31189.06759,26000.70779,17269.33302,2.889409038,17.18120206,4.94148081,15074586658,21410035300,16409937900,10899267999,22.80561925,9.922300583,16569512998,23533239500,21781875000,14467238974,1.12044E+11,24.69327428,25327932533,23584793200,15664713868,21.56819633,11.48473698,15727020875,22336670300,20600000000,13682252922,98.11234497,77625062615,1.10249E+11,93708081800,62239693013,84.99690536,4.120749163,64617841500,55516546100,36873370151,12385.46323,2.60715195,58.12552366,3.993877573,45980959113,65305535738,55516268900,36873186039,27.73008795,6.77763957,18562942564,26364454600,26485284300,17591182452,2.077142046,21602474198,30681420700,3.755146714,2.165903069,263310,144363,79.5,74.1,76.73414634,78.55,29.20180834,83.3161741,0.529147681,13339493470,18945728500,13645000000,13687331921,3.19305854,10.81972159,2.530382039,1.491309812,1.491908916,0.543271972,17.63943395,2.413611938,79.16750751,13957000000,13794933564,0.616408359,8.194656053,0.903318004,0.282110177,0.836861965,0.453300413,10.77474055,2.335912171,88.60885109,43.51076965,7.1,0.43856585,-7252561205,414,510,1.523876667,0.244601473,5.048253351,2.599767334,3435,1284,0.174699024,23.02400589,65.45433044,11.52166176,13.9508564,1.464363787,975594,31.12317849,975594,26.55833832,50.70232773,3673400,93.13100506,538778,14.667,0.791762692,87.22436,80.2548,1.598894589,4409841157,4409841157,57.34783093,3134622,85.333,1.580427272,65.33741583
1996,9325.00,YES,2935759.00,788.00,452.00,335.00,14736.00,1.78,63783595581,54154946119,14510.97163,0.272201061,175135904,14.59142971,9388219392,6.499999762,4182141440,0.894532442,575547904,0.072724991,46791724,0.967257433,30.5692,52.87905762,17.7049222,35.17413543,56.60248376,149040,16.91626106,1.038894626,25344.06975,8.836303555,4511244416,6407200700,745,9597000,187400,24.37731978,5.916979986,0.417470525,1558000,7000000,15.34,903981,5871.799,809000000,561259886.2,73.31233123,94.33,7.57,1.4414,689391000,168400,29642773225,28.58423989,4.390969635,22554074323,32032953100,28661131500,19884231650,1.594570106,4043800200,1598859500,1109240669,1.96,63108265090,89630993800,76317023800,52946457472,76.11244971,4.15736849,63593846025,90320651513,76317192200,52946574303,1726600,46.44716574,46.73485518,7.607529457,79.84,3.360439394,2337643247,0.731981099,69.91964607,2.340500703,6.364464666,83472638419,1.18554E+11,1.00269E+11,69563618704,84.57666809,3.477397705,22366.73055,31766.87371,26867.36334,18639.76921,1.852591835,16.97127906,1.532934418,15305670185,21738237100,17016931800,11805835854,22.29298018,2.789875996,17031781864,24189787700,22352948300,15507803732,1.16164E+11,23.88755029,25843408106,23951807800,16617044401,21.48620212,4.680777331,16463167703,23382200100,21544000000,14946579714,98.40542989,80625440099,1.1451E+11,98670140500,68454378035,86.16713987,5.137391196,67937512800,59300092000,41140621618,12817.28489,3.486520048,59.14117065,5.017757759,48288172257,68582409325,59300260400,41140738449,26.98966979,6.162457463,19706876003,27989152900,27062272000,18774990981,2.993091516,22249056020,31599743700,2.285570765,1.453677307,263310,153953,79.4,74.3,76.78780488,80.19,28.58800787,82.79408883,1.540331901,13544965943,19237555600,14360000000,14372350560,3.032706594,11.39083115,3.230625344,2.008675491,1.393373915,0.639017168,19.33031468,2.718190452,77.63697873,14724000000,14762140508,0.615909729,8.276804773,0.91860833,0.319630507,0.879328537,0.428989266,10.95853269,2.38747256,88.42555758,41.80921082,6.9,0.610422194,-8901083310,396,486,1.4548475,0.360874027,4.39267991,2.162538948,6192,1275,0.174699024,23.0078373,65.41120148,11.58098984,14.17340777,1.582661927,996969,31.27341658,996969,26.71406752,50.72425461,3732000,99.24585219,544088,14.579,0.980738625,87.47327,80.69906,1.788576983,5953469730,5953469730,55.57390968,3187912,85.421,1.685756438,65.71902087
1997,10339.00,YES,3064523.00,880.00,506.00,375.00,14741.00,4.47,66633847458,51776643871,13692.81566,0.315450281,194051552,14.39965248,8858050560,6.199999899,3813975040,1.063266277,654076032,0.053492676,32906410,1.116758954,29.862,52.95528892,17.79770816,35.15758076,56.59868596,149030,15.82605842,0.954859506,25589.02779,0.399302304,4529257919,6432784800,928.4000244,9435400,256800,22.24174554,5.905586571,0.411234232,1555000,326000000,15.23,980100,5874.279,817000000,515034987.1,74.18271827,93.03,7.26,1.5863,629357700,-346400,30301825301,28.58014885,3.753093248,23400549764,33235179700,29684200000,18712853811,1.406825241,4424927200,1461170900,921118893,1.96,65585661456,93149574100,80157731700,50531256194,77.17607358,3.829513114,66029180698,93779492708,80157385300,50531037824,1776400,47.34376278,46.72039592,7.774827453,84.28,3.767209742,2466580757,0.74394834,72.04384188,2.172053357,6.626192216,86193039185,1.22418E+11,1.03863E+11,65475004728,84.84313309,3.259032921,22794.55192,32374.49705,27467.53762,17315.47476,1.912757745,17.78069245,8.141597186,16551796198,23508076800,18467560600,11641909223,21.41710118,0.099376647,17048707478,24213826700,22244443800,14022848011,1.19484E+11,22.82392642,25705399549,23705614700,14943966904,20.63006075,0.767026624,16589444582,23561547800,21427000000,13507533253,98.59317476,83077493246,1.17993E+11,1.02402E+11,64553885835,86.78653707,2.719741162,69785237300,61690171100,38889346971,12994.22715,1.380497188,59.39538113,2.462738313,49477383576,70271414595,61689824700,38889128601,27.17332361,2.933635051,20285003825,28810252500,28223029100,17791734918,0.8915547,22447418525,31881472700,1.18723143,0.315057333,263310,166846,80.1,74.7,77.33414634,85.17,29.53906356,82.38597978,0.218619251,13574577846,19279612600,14221000000,14015715022,2.974247098,11.99536484,3.460604188,1.141491466,1.385060972,0.607849153,19.26884624,2.461807621,77.75690666,14519000000,14551430156,0.558591215,9.003879438,1.011677799,0.5361424,0.926502494,0.392363935,12.02566022,3.111522385,87.41574857,43.8946131,6.6,0.638385415,-7402964011,370,460,1.512420833,0.469912916,4.797128914,2.141990347,8259,1572,0.182294634,22.98552513,65.3786087,11.63589478,14.36063955,1.312358286,1013037,31.33966126,1013037,26.7907069,50.76320648,3781300,101.2574686,548856,14.515,0.872511354,87.72218,81.143309,1.913438827,4451316441,4451316441,55.75347246,3232444,85.485,1.387235043,65.98448524
1998,10651.00,YES,3222591.00,891.00,513.00,378.00,14637.00,2.39,68223109011,44772942776,11736.02694,0.361682296,191928240,14.49155235,7690003456,6.450000033,3422720000,0.704842329,374027584,0.068825305,36522440,0.773667634,29.2338,52.96961697,17.87552156,35.09409541,56.59868596,149030,13.48375293,0.652986185,24751.79761,-4.364806359,4331564581,6152006200,826.2000122,8654900,236100,24.31581613,5.905586571,0.407601573,1555000,15000000,14.51,868273,6272.199,270000000,142112742.8,75.10441044,89.97,6.87,1.8999,610120000,275000,30520805376,29.92869515,3.087443815,24123028590,34261297200,31638521500,16652729881,1.352312582,5119558600,1429570200,752444970.8,1.89,66979907747,95129785100,83246133500,43816060582,78.74756038,2.090474236,67409503709,95739928842,83246408500,43816205327,1809000,47.8132508,46.53305748,9.204426289,85.05,2.305883141,1283024499,0.776372731,69.57316274,2.086221561,6.66372669,87242010842,1.23908E+11,1.05713E+11,55641349545,85.31605392,1.217002749,22868.15487,32479.03337,27709.82962,14584.88848,0.322897115,17.72187309,-0.368067965,16490874339,23421551100,18734323700,9860689352,19.90012704,-4.814514097,16227895053,23048048600,21037021300,11072699247,1.20167E+11,21.25243962,24427115449,22466591500,11825144218,19.64469838,-3.335697666,16036070866,22775605800,20767000000,10930575293,98.64768742,83637382046,1.18788E+11,1.04283E+11,54888904574,87.78956666,2.875249519,71791737000,64511809800,33955371230,13249.75806,1.966495677,61.02568729,2.912940191,50918630167,72318378874,64512084800,33955515975,28.57638256,1.150583807,20518399794,29141738600,30208951300,15900284910,-2.934963854,21788594905,30945763000,1.242462113,0.557406136,263310,138432,80.8,75.5,78.08536585,86.08,31.74157247,80.85563572,-2.739039476,13202764800,18751536400,12070000000,11489170234,2.438841465,10.22982621,4.156064281,1.479981225,1.634257674,0.734907069,18.50423639,2.741254189,79.05692214,12495000000,12571334248,0.568464562,10.63246532,1.300797622,0.882642388,0.947431745,0.434150215,14.42576496,3.213082889,85.00577048,44.14882134,6.4,0.530524611,-5736002786,350,433,1.868249167,0.262716651,4.931530794,2.460113828,4519,1181,0.182294634,22.94184875,65.37242126,11.68567467,14.48862557,0.887279889,1029386,31.5405182,1029386,26.98259502,50.81277084,3815000,88.52195362,551306,14.451,0.445389688,88.048,81.79665,1.686418854,4203710145,4203710145,58.50507771,3263694,85.549,0.962117525,66.41586477
1999,10563.00,NO,3289319.00,880.00,503.00,377.00,14362.00,3.22,70422422782,45968171508,11986.17285,0.393618375,215144944,14.67559624,8021425664,6.700000167,3662103552,0.769113898,420384256,0.060618483,33133008,0.829732381,28.6056,52.8780361,17.93065702,34.94737908,56.59868596,149030,13.13822464,0.848219403,25937.27193,4.789447384,4539022588,6446653300,855.5999756,9565600,227500,22.68122317,5.905586571,0.405465307,1555000,320000000,14.87,872700,6168.581,1537000000,797654263.3,75.31323132,91.13,7.33,1.9269,477461500,402200,32923065537,31.26266887,7.799730945,26004559916,36933586200,35045451800,18187478229,0.502067261,4539253300,562817400,292084384.2,1.97,69406023988,98575533600,87078163500,45190805698,77.6793628,3.460554565,69742246367,99053061320,87078565700,45191014427,1833400,48.02786842,45.83412938,7.783760214,80.67,1.969372577,1145708993,0.711687863,70.88864421,1.896086257,6.202058469,91873702203,1.30486E+11,1.121E+11,58176345425,85.90974395,5.309014908,23956.01215,34024.08819,29230.00704,15169.4468,4.757083746,18.02991195,5.386150962,17379097726,24683071200,20211531300,10489143858,21.81856994,16.68463854,18935460685,26893532200,24458616900,12693246614,1.26475E+11,22.3206372,27422264834,25021434300,12985330998,20.44692239,11.13868242,17822277873,25312508200,22921000000,11895272199,99.49793274,88677660428,1.25947E+11,1.11537E+11,57884261041,88.5591568,3.108353124,74023277700,66866632200,34701661840,13590.00599,2.567955769,59.64945085,2.836912075,52363146935,74369987696,66867034400,34701870569,30.76060161,11.16129118,22808518141,32394332900,34482634400,17895393845,5.125736276,22905420818,32531961200,0.278040771,0.695871414,263310,141475,80.4,75.5,77.8902439,81,32.50295404,82.97622924,4.422546411,13786663201,19580831800,12455000000,12258904821,2.94535558,10.27628557,2.716809268,1.593349985,1.614436265,0.474146626,16.81968673,2.906274933,80.23495769,14299000000,14372957480,0.618269951,10.67668327,1.347727128,0.551813457,0.904951782,0.656028426,14.31016666,2.866353952,85.07156339,45.98776325,6.2,0.520864666,-7890388002,333,415,1.889613899,0.321782798,4.64925571,2.009425251,6541,1420,0.182294634,22.85965729,65.41168213,11.72873878,14.56496145,0.525484536,1046000,31.85776452,1046000,27.27438659,50.86325073,3835100,84.73538162,551756,14.387,0.081591066,88.37383,82.45,1.659322798,4455337281,4455337281,62.02327047,3283344,85.613,0.600273253,67.95887638
2000,11630.00,YES,3269362.00,981.00,560.00,421.00,13861.00,1.70,71617217803,40617209961,10528.86693,0.456684351,223857360,14.75049591,7230392320,6.850000098,3357730304,1.847838044,905772480,0.083087392,40727744,1.930925436,27.9774,52.65716541,17.96009948,34.69706593,58.53556644,154130,14.32356189,0.934467358,26877.38747,3.624573699,4703542806,6680317000,817.137,10781314,240046,23.80936077,5.696707303,0.388832724,1500000,0,14.66,854188,6277.748,1419000000,623106310.1,77.57785779,98.23,6.91,2.2773,758343000,-66200,35105410051,36.16743402,6.443558682,27680178994,39313423500,42838878900,18811258464,2.952695996,7074006200,3497350300,1535744215,1.98,69814136241,99155164600,89894886900,39474327888,75.89519334,0.86798653,70347599672,99912828550,89894820700,39474298819,1831000,47.45943009,45.84340224,7.722006955,86.65,7.384020991,3840546921,0.851267397,69.43605302,3.004911254,10.43890093,93980935909,1.33479E+11,1.18446E+11,52011592676,88.73780106,2.293620107,24361.90889,34600.57254,30703.78723,13482.53951,1.694341828,17.23221037,-2.001596949,17031238236,24189015600,20410863900,8962747069,21.15211067,-1.49633487,18652122784,26491114900,25053829000,11001549642,1.29271E+11,24.10480666,29357107660,28551179300,12537293857,19.95424075,-0.22151341,17782799138,25256437600,23635000000,10378518421,97.047304,89000200568,1.26405E+11,1.14949E+11,50475848461,90.93706182,1.359543824,75029656600,69484023100,30511580863,13694.0698,0.76573775,58.66298296,1.82038969,53316360263,75723811285,69483956800,30511551750,33.21473802,-0.478218213,22699443653,32239417300,39341528600,17275514249,0.529971737,23026813074,32704371400,3.006943697,3.291893316,263310,136066,81.3,76.1,78.63658537,86.66,30.82488397,78.74706982,2.595586363,14144507951,20089069200,13272000000,12742009329,2.538159611,11.41738107,2.833483577,1.442448669,1.367410577,0.540639368,17.79362346,2.738815583,79.66821693,13906000000,13952453629,0.613513369,12.0847772,1.705334098,0.693770677,0.870761686,0.559497393,16.23134273,6.05559327,83.1551439,52.25373537,6.1,1.434992671,-7682731361,325,401,2.201149167,0.559710324,4.927919295,2.11175163,5585,1463,0.189890243,22.72873878,65.50627136,11.76498795,14.65079184,0.587564086,1062905,32.15893805,1062905,27.55281645,50.90719986,3857700,76.84474555,552538,14.323,0.141628974,88.69965,83.10334,2.991203517,3952081617,3952081617,69.38217204,3305162,85.677,0.66230735,73.59999407
2001,12925.00,YES,3485883.00,1096.00,626.00,470.00,13892.00,6.16,76025899748,42242494760,10885.8381,0.480487257,243008864,14.25716019,7210630656,7.00000003,3540285440,1.675716758,847502208,0.063014612,31869958,1.738731369,27.3492,52.29944492,17.9630533,34.33639162,58.55455547,154180,12.60528649,1.015282896,26087.51976,-1.829510486,4617490998,6558099900,762.982,11467023,266139,21.55118193,5.696707303,0.386548125,1500000,45000000,14.36,938953,6485.691,1886000000,789385568.4,79.52475248,92.26,7.16,2.3892,739127200,166200,37397453722,35.80909311,3.302858374,28594416104,40611890200,45605744800,19088290976,3.65518075,7031747700,4655165100,1948420015,1.97,71948057836,1.02186E+11,94781645800,39670871338,74.42156127,3.015359346,72468832593,1.02926E+11,94781812000,39670940901,1823000,46.66202691,49.40176954,8.344145459,90.37,-0.561030487,-299061278.8,0.833959043,71.8568696,2.702767816,9.849914488,97381225746,1.38308E+11,1.27358E+11,53305709024,92.08290738,3.618063391,25095.02016,35641.79103,32819.99742,13736.81459,3.009252195,17.20203866,4.277539513,17759756181,25223710300,21908172400,9169668676,21.92325798,7.021461751,19961774451,28351178400,27921022900,11686348108,1.35094E+11,25.57843873,32168489587,32576188000,13634768123,20.44237504,7.06749514,19039597603,27041435100,26035000000,10896952955,96.34481925,92430244182,1.31276E+11,1.22703E+11,51357289009,93.46920002,2.697918252,77053895400,72873473400,30501202662,13980.89392,2.094513398,57.21952261,2.612172977,54709075818,77701848220,72873639600,30501272225,32.15391236,4.158652086,23643434540,33580142500,40950579700,17139870961,0.963110699,23248586775,33019350700,2.509600993,3.76965202,263310,144773,81.1,76.4,78.69268293,91.13,30.02663869,78.697213,1.284971929,14326260908,20347208100,13730000000,13477940829,1.931366588,13.90832458,4.365227519,1.302091241,1.253004951,0.602820414,21.57454406,2.897035013,76.49408935,13308000000,13367349846,0.612193933,13.99887169,1.154649356,0.745699891,0.933792354,0.466755495,17.56876807,4.968649187,81.81903799,50.72252202,5.9,1.413675904,-7083710447,316,389,2.378750833,0.424991369,4.341545208,2.036706199,5507,1768,0.208879268,22.54530907,65.66012573,11.79456329,14.73738179,0.589286035,1082605,32.52949455,1082605,27.89859554,50.94392776,3880500,75.42728098,552428,14.236,-0.019910115,89.02547,83.75668,2.780761346,3564653995,3564653995,67.96300546,3328072,85.764,0.69076686,77.05103075
2002,13607.00,YES,3692703.00,1152.00,657.00,495.00,13649.00,5.39,80127255258,52892361839,13395.55827,0.383301884,240166240,14.0569849,8807713792,6.80000037,4260690176,1.050633788,658297728,0.093626603,58663812,1.144260392,26.721,51.83719787,17.95117213,33.88602574,45.94964111,120990,13.30391626,0.960188745,25649.2289,-0.569119113,4591211974,6520776500,687.521,11285424,242720,22.92792066,1.807755118,0.120552108,476000,17000000,13.67,936715,6459.435,1094000000,539208438.1,81.64086409,93.4,7.1,2.0289,754552000,-423600,39700695476,33.14951795,7.331309342,30690761203,43589273500,44403779300,21885642121,3.05875028,7551814200,4097196000,2019417418,1.89,74933802927,1.06426E+11,1.00722E+11,49643829514,75.19368578,4.13450388,75465059289,1.07181E+11,1.00722E+11,49643620730,1765000,44.54891635,48.8186657,8.549877867,91.6,2.243256579,1481020349,0.995052159,69.81209909,2.385607754,9.292343888,1.02274E+11,1.45257E+11,1.3395E+11,66020996599,92.21593189,5.024240899,25901.96103,36787.86772,33924.27504,16720.52592,3.215541803,17.00974834,0.70691424,17885302427,25402020300,22784557900,11230005372,21.74756394,7.664089899,21491662791,30524038200,29130861900,14357958450,1.41368E+11,24.80631422,34187274378,33228057900,16377375869,20.93094438,8.639349914,20684495062,29377639300,28037000000,13818818079,96.94124972,96956738055,1.37705E+11,1.29853E+11,64001579181,94.29775763,5.184925667,81049082600,77937807800,38413824141,14452.53369,3.373459301,58.18393744,5.247175044,57579756791,81779000208,77937384200,38413615358,30.09076767,7.317767636,25373606141,36037459300,40306583300,19866224703,8.617555887,25252046733,35864811700,2.660947121,0.144461676,263310,145015,81.1,76.7,78.84634146,92.09,30.34244483,78.9302913,8.402889928,15530080843,22056961600,14383000000,14186628521,1.828351527,13.1605823,3.190187209,1.707353187,1.316228902,0.686916149,20.2487758,3.064911971,77.92287267,15047000000,15097757779,2.183272329,14.39466837,1.087787158,0.732144733,0.920598871,0.822559258,18.19630366,3.327716395,79.62042401,44.57672788,5.8,0.803880394,-7401271496,314,382,2.162190833,0.316250384,4.161213312,1.879235831,5109,1839,0.220272682,22.31734085,65.86000824,11.82265186,14.99563252,1.737174864,1108263,32.67514053,1108263,28.06794985,50.97486496,3948500,82.33627493,556738,14.1,0.777164409,89.351294,84.410044,2.223399997,4962815635,4962815635,63.24028563,3391762,85.9,1.895639303,76.35418682
2003,13906.00,YES,3740637.00,1191.00,676.00,515.00,13140.00,6.87,85629898519,70827273578,17587.22526,0.304353386,253333968,13.80112934,11487614976,6.80000037,5660101120,0.738263011,614506368,0.064933956,54048928,0.803196967,27.397,51.33538361,17.94898967,33.38639394,45.03437013,118580,12.40602201,0.886033133,28521.82466,11.19954042,5105406615,7251073500,800.524,12259437,247388,22.59725929,1.576089021,0.103049265,415000,106000000,13.94,938056,6989.048,1259000000,768901917.7,82.55817282,90.44,6.95,1.6374,175848700,30500,43321139553,30.11603604,2.04921837,31319681920,44482512900,43118634600,26333598754,1.785153553,3729270600,2555893600,1560946378,1.93,79363244715,1.12718E+11,1.07669E+11,65756239587,75.2011854,5.329844607,79487229682,1.12894E+11,1.07669E+11,65756258214,1798000,44.71851461,49.42431972,8.151283426,96.41,2.592206284,2266636953,0.652173102,69.96364657,1.933505561,9.284945703,1.06454E+11,1.51193E+11,1.43175E+11,87440454379,94.69658707,4.086907662,26433.68412,37543.05992,35551.99642,21712.46881,2.052829485,17.2019817,5.046128555,18787817780,26683838900,24628937300,15041490961,23.01366104,13.25756269,24340933458,34570781700,32949809200,20123249786,1.50032E+11,24.7988146,37138678995,35505702800,21684196165,22.13445085,13.37239885,23450508242,33306134400,31691000000,19354464395,98.21484645,1.03828E+11,1.47464E+11,1.40619E+11,85879508000,95.35817055,6.164019554,86044963900,83040329300,50714748565,15043.54841,4.089350221,57.9992037,5.417971251,60699411460,86209762929,83040359900,50714767253,28.33088249,13.08578099,28693940671,40753242300,40562741000,24772652376,3.225759861,26066617121,37021724400,1.123590179,2.690050552,263310,134218,81.4,77,79.14634146,97.67,31.48994855,79.37092208,2.431808649,15907742692,22593344700,16527000000,16326630753,1.538763733,13.92453045,3.130019995,1.562026546,1.323492245,0.822161535,20.94142508,2.963084317,77.51981119,18559000000,18476030670,0.00964786,15.52184367,0.931441941,0.535127744,0.885946467,1.032745864,19.18114079,4.319901538,80.80921135,40.12559204,5.6,0.748821557,-7268559140,310,378,1.722099146,0.21975413,3.826149501,1.758217741,5028,1845,0.208879268,22.06117439,66.07836914,11.86040497,15.29451977,1.973558544,1134529,32.75774154,1134529,28.17165773,50.99756241,4027200,93.42099781,563808,14,1.261901576,89.58204,84.70087,1.726115659,6085430246,6085430246,58.44691853,3463392,86,2.089890529,75.97258182
2004,14599.00,YES,3851302.00,1254.00,716.00,538.00,12751.00,3.24,88401487601,82367209819,20150.99934,0.277730465,269725856,13.99562836,13592253440,6.899999827,6701131264,0.840379655,816158656,0.074652568,72500968,0.915032223,28.073,50.87476008,17.98708106,32.88767902,45.15589989,118900,11.67197717,0.890752308,27184.73317,-3.090550661,4947621437,7026975400,748.833,11305401,196657,23.85904669,1.595078045,0.102752294,420000,48000000,14.2,835000,7275.928,1644000000,1105210084,84.44896062,102.82,6.95,1.4875,28964600,172400,46650145058,29.80668109,3.919824188,32547358387,46226149200,45661450900,30696773714,0.291868962,32805400,447119900,300584806.7,1.98,83514440862,1.18613E+11,1.15741E+11,77808803160,75.5527489,5.092048989,83534758357,1.18642E+11,1.15741E+11,77808919059,1800500,44.13990917,50.84131595,7.584752281,101.24,2.27261711,2340482422,0.472639769,68.41713565,1.961915295,10.37038277,1.10232E+11,1.56559E+11,1.53192E+11,1.02986E+11,97.84940689,3.548788911,26967.96354,38301.88279,37478.16514,25195.40513,2.021206777,17.4677273,4.424387002,19619063547,27864435200,26759160800,17989351798,24.15538213,9.583383531,26673618467,37883832300,37004113000,24876714622,1.56983E+11,24.4472511,38340633495,37451232900,25177299429,23.08214528,8.584269689,25463563113,36165222800,35360000000,23771428571,99.70813104,1.10208E+11,1.56526E+11,1.52745E+11,1.02686E+11,97.58426267,5.469751263,90751409400,88981433900,59819451361,15632.3274,3.913830529,58.08502161,5.298705696,63915694632,90777764547,88981606300,59819567261,29.51481213,13.34888022,32524260441,46193343800,45214331000,30396188908,2.930214942,26830425030,38106540500,2.290249093,3.329391183,263310,114762,81.7,77.5,79.54878049,100.91,30.51492786,78.37995941,2.802507147,16353558318,23226524800,20344000000,20342292341,2.42208052,14.29816164,2.741502121,1.322356682,1.403356905,0.969447248,21.04784435,3.019713478,76.53007513,23195000000,23094041622,0.007343459,16.2698756,0.937908121,0.991432674,0.858407369,0.930617595,20.32954822,3.623727656,79.66310832,42.27653043,5.5,0.620541215,-8920824549,313,381,1.508681271,0.218753308,4.026029156,1.76910506,4900,1631,0.239261707,21.79800606,66.28012848,11.92186928,15.5235274,1.486219082,1161455,33.03047823,1161455,28.41480122,51.0096283,4087500,99.84833712,571187,13.974,1.300288365,89.81278,84.99169,1.466797426,6947355821,6947355821,59.32149322,3516313,86.026,1.516454181,78.17925428
2005,14103.00,NO,3867659.00,1213.00,694.00,519.00,12271.00,1.16,89427968288,89427968288,21632.83299,0.258260161,274682944,14.47984409,15400616960,6.700000167,7126053376,1.09726131,1167036160,0.083392709,88695648,1.180654019,28.749,50.51169388,18.08685325,32.42484064,44.47989062,117120,10.69525478,0.785947795,28294.12834,5.224695962,5206119614,7394113500,781.469,11951935,209469,24.01968039,1.614067069,0.102808486,425000,10000000,13.96,867722,7533.944,1100000000,774498738.2,87.01369307,100.3,6.54,1.420273457,230900,230900,46086608700,28.51629409,-0.301864859,32449109350,46086608700,46086608700,32449109350,-1.460342604,-2360132700,-2360132700,-1661745271,1.97,87527625769,1.24313E+11,1.24313E+11,87527625769,76.91946571,4.780082046,87527788343,1.24313E+11,1.24313E+11,87527788343,1729000,41.82271571,52.20944765,7.643913425,98.92,1.675579036,1906665964,0.439113379,68.06573972,2.542872999,12.05941334,1.13791E+11,1.61615E+11,1.61615E+11,1.13791E+11,100,3.229489105,27526.41982,39095.04342,39095.04342,27526.41982,2.07081369,17.99088092,4.347933096,20472087304,29075962200,29075962200,20472087304,24.5408769,4.69304659,27925423809,39661738200,39661738200,27925423809,1.61615E+11,23.08053429,37301605500,37301605500,26263678538,23.85979024,6.624533224,27150405311,38561000000,38561000000,27150405311,101.4603426,1.15453E+11,1.63975E+11,1.63975E+11,1.15453E+11,100,4.942944721,95237201400,95237201400,67055538464,16220.89031,3.765037022,58.92858478,4.912731411,67055701039,95237432300,95237432300,67055701039,29.9766367,4.878186801,34110854621,48446741400,48446741400,34110854621,1.977743689,27361062068,38860190200,3.037020739,2.197860136,263310,115175,81.9,77.9,79.85121951,98.75,28.72476006,77.50167365,0.993836151,16516085892,23457358400,21730098000,21765810548,2.06989859,13.58498469,3.014804917,1.598836321,1.597498242,1.117813441,21.30603241,3.52848477,76.624069,26219355000,26133144931,0.005231698,18.69489054,1.013249278,0.859403717,0.860756888,1.209410952,23.07344097,4.360669557,76.92132733,42.13800412,5.4,0.821801484,-10556374700,317,385,1.420273457,0.269403934,4.357062658,1.693315614,5112,1893,0.239261707,21.54307747,66.4400177,12.01690674,15.69974555,1.12877351,1188943,33.42258632,1188943,28.76080699,51.0100708,4133900,105.2632018,576596,13.948,0.94251963,90.04353,85.28252,1.708324944,8892728165,8892728165,58.49293079,3557304,86.052,1.158995712,82.37690948
2006,14702.00,YES,3832145.00,1267.00,724.00,543.00,11883.00,0.25,89653623556,85658717816,20469.98944,0.275567263,283007584,14.97277737,15377042432,6.400000304,6572800512,1.234843612,1268184320,0.110075794,113047848,1.344919406,29.425,50.25322842,18.25169163,32.00153678,43.20003038,113750,10.88486606,0.78207448,28174.98689,0.661297666,5240547562,7443010600,819,12382205,220990,24.45528578,1.515324143,0.095349615,399000,5000000,14.14,800050,7130.316,-265000000,-171848520.3,89.94205581,96.89,6.75,1.542055757,-14684900,24600,47031526244,29.96797926,3.770191926,33672503050,47824162300,50928483000,33026356394,-0.393612623,174903300,-668917100,-433782693.7,2.01,89806005742,1.27549E+11,1.31749E+11,85436981658,77.52517844,2.591037605,89795666254,1.27534E+11,1.31749E+11,85436997610,1761645,42.09406407,51.93882125,8.090738438,99.84,2.642922655,2912645687,0.500625551,67.72309838,2.837406131,14.82137325,1.15922E+11,1.64641E+11,1.69943E+11,1.10205E+11,103.2200672,1.872620239,27702.13376,39344.60527,40611.52798,26335.966,0.638346511,18.52601743,3.641603991,21217599653,30134793600,31483669800,20416687051,22.86843418,-6.882218793,26003535043,36932130600,38863303100,25202268421,1.63849E+11,22.47482156,36314397766,38194386000,24768485727,23.02419046,-2.765271388,26399622921,37494683700,39128000000,25373920385,100.3936126,1.15799E+11,1.64467E+11,1.70612E+11,1.10639E+11,103.7365567,2.285967319,97414292700,1.00265E+11,65020294671,16390.67203,1.046685538,58.99916101,2.270299973,68578066601,97399607700,1.00265E+11,65020310559,30.36159189,-1.646101217,33549355427,47649259000,51597400100,33460139088,-0.073975449,27340821600,38831443200,3.365404493,3.220067168,263310,112204,82.2,78,80.04878049,100.34,27.23513532,73.91217285,-3.285624011,15973429409,22686637800,22409180000,22441286208,1.923969639,14.26576967,2.960718873,2.10804015,1.95173391,1.535884609,23.22790871,4.080786194,74.84812165,26424312000,26362916287,0.006513255,21.01628084,0.91188974,1.002826326,0.869694242,0.760062488,24.90142475,4.760072598,75.09206199,44.31130877,5.3,0.845413864,-11213412318,322,391,1.542055757,0.322313398,5.438289168,1.950826228,5212,2153,0.239261707,21.29841614,66.55439758,12.14730167,15.89229425,1.21898486,1212498,33.6616121,1212498,28.97524256,50.99758148,4184600,97.58422706,582580,13.922,1.03246671,90.27427,85.57334,1.907052667,14068475644,14068475644,60.32957115,3602020,86.078,1.249184462,86.62433927
2007,15134.00,YES,3916812.00,1316.00,750.00,566.00,11630.00,5.29,94393005520,1.04278E+11,24688.25863,0.234637454,294444192,15.01930237,18847571968,6.400000304,8031296512,1.525324225,1914114048,0.123200439,154602992,1.648524664,30.101,50.09180415,18.47781012,31.61399403,43.62538453,114870,10.00292336,0.684100509,24218.68553,-14.50403282,4480456824,6363473900,868.14,12545766,219243,25.02221262,1.636853898,0.102040816,431000,81000000,15.14,926928,7916.44,1611000000,1183970992,92.07920792,104.57,6.74,1.360675229,-154837000,-398000,53061331686,29.68286916,3.6925893,34915890295,49590112200,54643787500,40159316753,0.133350879,-3232840400,245488300,180416527.7,2.17,93367199663,1.32607E+11,1.39821E+11,1.02758E+11,75.951393,3.855992618,93258180517,1.32452E+11,1.3982E+11,1.02758E+11,1746874,41.27058303,52.40194428,8.574841919,102.63,3.204493254,4335506076,0.523130298,67.60370609,4.597770009,14.47106091,1.2003E+11,1.70475E+11,1.84092E+11,1.35295E+11,107.9878144,3.543066175,28417.43322,40360.52611,43584.45002,32031.48636,2.582109644,18.63834816,4.804578121,22237015803,31582643300,34311707900,25216677118,23.91525612,11.70628807,29047583765,41255512200,44026073300,32356048216,1.73946E+11,24.048607,41493891264,44271561600,32536464743,23.04011038,7.517302513,28384162439,40313272500,42415000000,31172023353,99.86664912,1.22306E+11,1.73708E+11,1.83847E+11,1.35114E+11,105.8367506,3.701932643,1.01021E+11,1.05509E+11,77541742723,16839.69477,2.739501713,57.31304484,3.562506546,71021164713,1.00869E+11,1.05509E+11,77541450221,29.54951828,10.85786791,37192100123,52822952600,54398299200,39978900225,5.688408975,28896079349,41040334500,2.37614328,4.619011922,263310,117089,82.2,78.2,80.15121951,102.16,25.94559141,73.88658709,1.356806164,16190157883,22994451500,26943386000,26997598998,1.857366832,15.62136812,3.881490635,2.128045101,2.068486423,1.61070682,25.77445693,4.553730347,72.36817623,30882017000,30780853629,0.01771992,23.100449,1.02193636,0.443703228,0.871587936,0.709336926,26.53865411,3.914497587,73.44362597,42.74036538,5.3,0.757596433,-12355616962,335,399,1.360675229,0.654993474,5.288592308,2.005802814,5952,1892,0.262048536,21.06310081,66.62586975,12.31100273,16.0411682,0.932407688,1226462,33.72309252,1226462,29.03693357,50.97388458,4223800,104.0148996,586939,13.896,0.745438113,90.505019,85.864155,2.216181457,17247175253,17247175253,59.23238745,3636861,86.104,0.962614775,89.71036244
2008,14745.00,NO,4012867.00,1270.00,722.00,548.00,11436.00,-5.78,88932912386,97262544288,22832.65512,0.255560726,308832384,16.15378189,19521038336,5.69999963,6888164352,2.849223375,3443144192,0.256064206,309440800,3.105287582,29.1426,50.04609025,18.76949413,31.27659612,43.19623258,113740,8.824963397,0.631953992,26652.2835,10.04843125,4930672447,7002903200,920.847,12950904,220375,26.29489684,1.720405606,0.106343021,453000,2000000,15.06,999287,7379.768,51000000,35846657.04,95.72457246,110.73,6.83,1.42272681,-171835300,-82200,50455358746,32.73601203,-2.622219112,34000319146,48289750800,60760657200,42707185099,-0.234599532,-2527191500,-435435500,-306057000.6,2.18,93321794675,1.32542E+11,1.45479E+11,1.02254E+11,78.37974931,-0.061520949,93200807199,1.32371E+11,1.45479E+11,1.02254E+11,1750000,40.90518739,52.67783011,9.357079709,102.76,1.98680029,2591966537,0.616026044,66.91723045,7.209650275,17.71348877,1.17787E+11,1.6729E+11,1.85608E+11,1.30459E+11,110.949837,-1.868179041,27650.87269,39271.80053,43571.99869,30625.69595,-2.69750097,20.16531437,4.549137279,23248608179,33019381100,37428436700,26307535958,21.85485022,-9.232553899,26365749938,37446574800,40564350400,28511693270,1.69456E+11,21.62025069,37084991293,40128914900,28205636269,21.82718417,-7.759719085,26181631169,37185075800,40513000000,28475600325,100.2345995,1.19567E+11,1.69817E+11,1.86043E+11,1.30765E+11,109.5551142,-1.543830742,99460918600,1.08051E+11,75946225148,16439.60151,-2.375893772,58.21443494,-1.50513681,69952199020,99351251500,1.08051E+11,75946167371,32.97061156,-3.797611079,35779688808,50816942300,61196092700,43013242100,-7.19953976,26815694627,38085619300,3.958944282,2.742923047,263310,135409,82.4,78.4,80.35121951,100.24,23.8349146,69.0284579,-7.39030283,14993656187,21295091900,30580121000,30537306256,2.086213055,16.56328412,3.874436303,2.382062219,2.364726499,1.97519405,27.69568003,5.010146339,70.21810692,34369315000,34202058516,0.257579634,24.03749662,1.056797218,1.499579421,0.889948985,0.53553213,28.44469402,7.011652254,71.29772635,49.78519453,5.3,1.087429523,-12328581183,346,411,1.42272681,1.345022559,4.500040972,2.805542804,4468,1256,0.262048536,20.84467506,66.64619446,12.50915718,16.17788918,0.848701402,1240606,33.81350495,1240606,29.12357388,50.94467545,4259800,96.96340925,590834,13.87,0.661420189,90.62435,86.12733,3.638148397,11052155564,11052155564,65.70662358,3668966,86.13,0.878893154,98.68637613
2009,16044.00,YES,4252881.00,1393.00,791.00,602.00,11618.00,7.11,95253880677,94063775360,21862.07766,0.260232151,296732320,15.37525177,17531785216,6.499999762,7411689984,1.618962884,1846038656,0.252283216,287668448,1.871246099,28.1842,50.1340795,19.12910609,31.00497342,43.63677794,114900,9.904709153,0.686771878,26208.51491,-1.133489893,4874783773,6923526000,799.295,12104116,217178,29.66783086,1.788766093,0.109468693,471000,48000000,14.48,1124281,6908.576,-851000000,-531583527.7,97.74977498,112.85,6.71,1.600877295,505579700,111000,50320801524,29.32181086,3.965495718,35348600346,50204678800,55837231200,34879144933,2.394703065,3993561300,4560209100,2848568790,2.12,94405935403,1.34082E+11,1.49886E+11,93627453489,78.70974248,1.674987311,94761908894,1.34588E+11,1.49886E+11,93627522826,1870000,43.25758783,55.70134094,10.69107196,103.33,-0.044038886,-52385533.24,0.562447011,64.04775143,5.091844486,14.61388675,1.20385E+11,1.7098E+11,1.90429E+11,1.18953E+11,111.3751476,2.205618716,27979.62249,39738.71515,44259.05267,27646.74894,1.18893102,20.13342495,-0.054469828,23235944702,33001395500,38339879800,23949293250,18.89555446,-13.48097717,22811389208,32398410600,35982615400,22476810376,1.71096E+11,21.29025752,36508094673,40542824500,25325379166,19.34264214,-9.599183337,23668408392,33615612200,36834000000,23008634147,97.60529693,1.17573E+11,1.66986E+11,1.85869E+11,1.16104E+11,111.3078521,1.583008504,1.01035E+11,1.11546E+11,69678160239,16533.72056,0.572514207,58.57631753,2.249772264,71525964192,1.01586E+11,1.11546E+11,69678229576,26.92710779,-9.063561465,32536774721,46211117500,51277022100,32030576143,-0.62656983,26647675575,37846986300,2.115655853,0.383335949,263310,162737,82.7,78.8,80.70243902,101.32,22.63933821,72.07688587,-3.700328243,14438841692,20507103600,24932601000,24912751532,2.198775221,18.69355671,2.741341615,2.467774685,2.584356783,1.77338468,28.7026268,4.938578386,69.09859798,25573868000,25640536501,0.48145032,23.63852391,1.170884863,0.537201099,1.195790469,0.658563937,27.66561809,5.19238202,71.85293159,42.4592155,5.3,0.581794262,-7081108404,353,420,1.600877295,0.81529814,3.379649938,1.422338471,4803,1555,0.269644146,20.65151978,66.60710907,12.74134922,16.34043523,0.999728031,1254873,33.85505978,1254873,29.1654581,50.91751099,4302600,91.30355074,595996,13.852,0.869885755,90.74369,86.3905,2.371683028,15594001969,15594001969,56.24891865,3706604,86.148,1.020621504,96.28102482
2010,16483.00,YES,4396675.00,1438.00,817.00,622.00,11691.00,2.43,97569125330,1.12873E+11,25943.57312,0.2175387,296261600,14.90382385,20297220096,7.100000232,9669348352,1.664315343,2266597888,0.334256202,455216832,1.998571545,27.2258,50.3646015,19.55614663,30.80845487,43.32535794,114080,10.65615027,0.610651435,24446.67943,-6.722378164,4547082373,6458100400,468.638,13295185,207872,32.35802238,1.89510463,0.114694187,499000,58000000,14.62,1001297,7387.083,854000000,615347445,100,114.47,6.51,1.387833828,528276700,289400,55783246449,30.92010964,2.87105452,36363477934,51646082500,61564411900,44360074435,2.355538703,112484500,4690066000,3379414672,2.15,96544327405,1.37119E+11,1.56288E+11,1.12613E+11,78.49425794,2.273458558,96916281621,1.37648E+11,1.56288E+11,1.12613E+11,1880000,43.038953,55.71414197,10.58099448,105.04,0.943152175,1353109714,0.574785948,60.93750111,5.000968872,15.35786502,1.21173E+11,1.72099E+11,1.99108E+11,1.43467E+11,115.6938973,0.654562309,27851.40768,39556.61505,45764.58961,32975.5542,-0.458243549,20.06011215,1.991781832,23698754027,33658711300,39941288100,28779589677,19.15020336,5.989329921,24177638567,34338858300,38129586900,27474173161,1.76236E+11,21.50574206,38588506701,42819652900,30853587833,18.72099564,1.72369849,24076380391,34195044000,37275000000,26858402826,97.6444613,1.21094E+11,1.71986E+11,1.94418E+11,1.40087E+11,113.0425678,2.359047379,1.03419E+11,1.16347E+11,83833357625,16736.65499,1.227397259,58.43414579,2.364964137,73217527594,1.03989E+11,1.16347E+11,83833566151,28.56457094,11.51774895,36284278749,51533598000,56874345900,40980659763,1.517407477,27052029397,38421279300,2.302025783,3.877660135,263310,135547,82.7,78.8,80.70243902,102.7,20.77596366,70.67235935,4.320192736,15062627482,21393050000,31396365000,31341367710,1.92826384,21.23552629,2.889152722,2.487615549,3.203530727,1.837956301,32.21700287,5.054625418,65.85473329,30616823000,30681877898,0.267986052,25.31407019,1.246464451,0.601516655,1.162294348,0.469108491,29.27306958,6.370207324,70.45894437,43.22478256,5.3,0.488253206,-8730747870,356,424,1.387833828,0.848313153,4.20687566,1.861040826,5051,1585,0.269644146,20.48917389,66.50500488,13.00582218,16.52310964,1.111726056,1269324,33.85964664,1269324,29.17516721,50.89770508,4350700,100,601919,13.835,0.988892913,90.86303,86.65368,2.514755458,16722649840,16722649840,59.48468058,3748781,86.165,1.131462693,100
2011,17339.00,YES,4528736.00,1513.00,859.00,654.00,11735.00,4.21,1.0176E+11,1.30638E+11,29798.80486,0.199957594,312671680,14.41590786,22542010368,7.100000232,11102199808,1.438338399,2249115392,0.401129395,627242048,1.839467794,26.2674,50.74706466,20.05586308,30.69120158,43.18483916,113710,10.83939883,0.618685964,27334.74241,12.41487203,5111596831,7259865300,892.848,13747024.21,206937,33.7489812,1.788766093,0.107436131,471000,23000000,13.93,999389,6951.353,1312000000,1036489898,104.4329433,113.67,6.83,1.265810697,621082800,256800,58168867547,31.36802442,2.793273817,37379209442,53088699000,65054773200,51393761617,1.759226151,-1817859400,3648494300,2882338022,2.06,98809652850,1.40337E+11,1.63581E+11,1.2923E+11,78.87515425,2.404827373,99246950891,1.40958E+11,1.63581E+11,1.2923E+11,1880000,42.59249652,56.04870013,10.76674368,105.73,0.835717779,1369250410,0.599688351,59.41959973,5.436994784,17.32295543,1.23995E+11,1.76107E+11,2.07392E+11,1.63841E+11,117.7650203,2.328693608,28283.50138,40170.30627,47306.56934,37372.54667,1.551425018,19.81078282,0.163183609,23737426510,33713636800,41085978700,32458233135,19.3656196,7.652595136,26027855360,36966672100,40162745800,31728872179,1.81187E+11,21.12484575,40228981256,43811240100,34611210202,18.73312375,4.437316121,25144725499,35712386200,38851000000,30692583101,98.24077385,1.25275E+11,1.77924E+11,2.03744E+11,1.60959E+11,114.5112259,3.095900794,1.06621E+11,1.22495E+11,96771598325,17123.74113,2.31280465,59.06437143,3.130393586,75509524381,1.07244E+11,1.22495E+11,96771801278,29.60879827,6.545167679,38659145634,54906558400,61406278900,48511423595,0.653490734,27228811902,38672358800,4.432943294,1.790174786,263310,143769,82.8,79.1,80.90487805,103.3,19.8607525,68.73596171,2.862311826,15493766850,22005385800,37668591000,37499739915,2.153050801,22.33233022,2.92084307,3.076400296,3.295694374,1.975574722,34.13101051,5.979407612,63.71593869,37104897000,36721701946,0.057418097,24.70387605,1.336871475,0.344522078,1.138077525,0.348013621,28.48487303,7.741970461,71.45770887,45.63776855,5.3,0.428450197,-8031281087,351,421,1.265810697,0.849710882,4.016842184,1.759619679,4708,1501,0.269644146,20.35939407,66.33627319,13.30430984,16.64957654,0.762479795,1283942,33.98233527,1283942,29.28699818,50.88697815,4384000,104.0682316,605737,13.817,0.632301371,90.98237,86.91685,2.584246844,17011949838,17011949838,60.97682268,3778263,86.183,0.783365974,103.9581665
2012,19129.00,YES,4634226.00,1685.00,954.00,731.00,11798.00,1.47,1.03255E+11,1.37227E+11,31130.74606,0.201352313,329780864,14.4197073,23617030144,7.500000298,12283725824,1.198346615,1962688128,0.39446041,646059136,1.592807025,25.309,51.26989449,20.62310981,30.64678468,42.84037826,112803,11.05428189,0.621319134,26591.42318,-2.719320426,4972596134,7062446300,975.021,13937353.94,203388,31.86738847,2.202347043,0.131553277,579900,25000000,13.79,1168496,8012.013,831000000,673265012.2,105.3555356,117.3,6.79,1.234283655,475794700,-103000,57027632660,29.64861292,2.535231651,38326858991,54434620500,62745952500,50835925960,0.76854436,-1114755300,1626485800,1317756898,2.05,1.00453E+11,1.42671E+11,1.67241E+11,1.35496E+11,79.02438488,1.553014835,1.00788E+11,1.43147E+11,1.67241E+11,1.35496E+11,1880000,42.1538652,56.53522459,10.56775717,111.21,2.173440483,3726611419,0.508160174,61.43322269,4.938226567,17.80776293,1.27132E+11,1.80562E+11,2.11632E+11,1.71461E+11,117.2075753,2.529765963,28840.46416,40961.34573,48009.80014,38896.89371,1.969214397,19.37885632,-1.00927646,23497850252,33373373000,41011861200,33227257797,20.20707076,4.227823364,27128267110,38529557700,42764628000,34647325861,1.83155E+11,20.97561512,40007814564,44391113800,35965082758,19.81411129,7.330574847,26987978422,38330309400,41933000000,33973552052,99.23145564,1.27917E+11,1.81676E+11,2.10006E+11,1.70144E+11,115.593132,2.559866011,1.0935E+11,1.26229E+11,1.02269E+11,17466.07038,1.999149882,59.64552856,2.358505292,77290420509,1.09774E+11,1.26229E+11,1.02269E+11,28.88006856,1.170747937,39111746785,55549375800,61119466700,49518169062,4.00412762,28319088280,40220849400,0.883430295,-0.473353637,263310,145843,83,79.4,81.15609756,108.82,20.44233156,68.61944333,1.606000927,15742596889,22358792500,37304869000,37249386802,1.947539004,24.60335233,2.633234869,3.041819511,2.842002838,1.918867904,35.60631374,6.000110995,62.44614726,38253652000,38383911329,0.286233927,25.97371166,1.4012588,0.486670158,1.211433897,0.588308366,30.12272991,7.18962526,69.59103616,44.06736574,5.3,0.389004976,-8085602858,342,413,1.234283655,0.701379061,3.60857637,1.628244542,5674,1425,0.271163268,20.25966263,66.10697174,13.63332272,16.74110364,0.548220797,1298749,34.17956609,1298749,29.46278442,50.88372888,4408100,107.8098048,608318,13.8,0.425187308,91.101698,87.180031,2.199666623,17582960818,17582960818,58.52868148,3799782,86.2,0.567931646,104.4085268
2013,18883.00,NO,4784250.00,1658.00,939.00,719.00,11891.00,0.00,0,0,0,0,346650976,0,24420958208,0,0,0,1673366528,0,569772800,0,23.6812,51.90717525,21.19474595,30.7124293,0,0,12.41919788,0.655701452,27240.20747,2.98763192,5121159004,7273446200,965.6079219,13717345.2,193709.6915,0,0,0,0,26000000,13.12,1098437,8121.891,2204000000,1807435700,106.7281728,117.97,6.61,1.219407142,493403700,482600,63858190727,29.65374525,0.412184007,38484836174,54658991300,67180856400,55093048177,1.82154676,-5276569100,4126732400,3384212097,1.95,1.03477E+11,1.46965E+11,1.73622E+11,1.42382E+11,76.63704142,3.012192809,1.03824E+11,1.47459E+11,1.73622E+11,1.42382E+11,1850000,41.05854705,58.74970607,10.60946138,109.56,-0.274313639,-509641341.6,0.499030948,0,3.729024698,16.99739146,1.30306E+11,1.85071E+11,2.26551E+11,1.85788E+11,122.4131702,2.497242991,29334.42207,41662.90104,51000.87796,41824.32284,1.712725249,18.67254022,1.862379329,23935469357,33994911800,42302826600,34691306256,21.54141182,11.31343794,30197406774,42888575300,48802283900,40021320390,1.9427E+11,23.36295858,46811205678,52929016300,43405532487,20.56843713,10.58954327,29845882075,42389314100,46598000000,38213651872,98.17845324,1.34022E+11,1.90347E+11,2.22424E+11,1.82404E+11,116.8517855,3.382724071,1.13049E+11,1.31319E+11,1.07691E+11,17918.69116,2.591428823,57.96450119,3.361759351,79888738448,1.13464E+11,1.31319E+11,1.07691E+11,27.83219849,7.896010597,42200014456,59935560400,63054124000,51708836080,4.400803132,29565355604,41990889800,1.302862025,4.441346808,263310,135244,83.2,79.7,81.40731707,106.92,18.75933579,69.42417162,2.320228608,16107861126,22877567600,39444798785,39581213869,1.8252354,30.44956064,2.661743139,2.32191621,2.350712079,1.937435472,40.36763136,5.097437299,57.80713324,39640900036,39654733670,0.48166245,28.45205627,1.386328973,0.259957372,1.218357509,0.732764512,32.56396747,7.025611073,66.95437008,42.56775117,5.2,0.402637988,1.224129977,323,394,1.219407974,0.534298241,3.308594734,1.53273823,5167,1614,0,20.21789438,65.82967894,13.95242668,16.87022901,0.768347998,1313685,34.29886646,1313685,29.57351253,50.88576602,4442100,111.3797155,611988,13.777,0.601490293,91.225151,87.402205,1.927952904,16317765993,16317765993,57.48594374,3830112,86.223,0.795034892,106.7854283
2014,20657.00,YES,4922806.00,1825.00,1034.00,791.00,11927.00,0.00,0,0,0,0,0,0,0,0,0,0,0,0,0,0,0,0,0,0,0,0,0,0,0,0,0,0,0,0,0,0,0,0,0,83000000,0,0,0,0,0,107.6282628,0,0,0,0,0,0,0,0,0,0,0,0,0,0,0,0,0,0,0,0,0,0,0,0,0,0,0,0,0,0,0,0,0,0,0,0,0,0,0,0,0,0,0,0,0,0,0,0,0,0,0,0,0,0,0,0,0,0,0,0,0,0,0,0,0,0,0,0,0,0,0,0,0,0,0,0,0,0,0,0,0,0,0,0,0,0,0,0,0,0,0,0,0,0,0,0,0,0,0,0.843348092,0,263310,0,0,0,0,0,0,0,0,0,0,0,0,0,0,0,0,0,0,0,0,0,0,0,0,0,0,0,0,0,0,0,0,0,0,0,0,0,0,1.205441667,0,0,0,0,0,0,0,0,0,0,0,1328793,34.33573643,1328793,29.61428571,0,0,115.0062915,0,0,0,0,0,0,0,0,0,0,0,0,0
