"LagNum","Population (000s)","New arrivals (immigrants) Nos.","Employed - full-time Persons ('000)","Employed - Total Persons ('000)","Unemployed - looking for full-time work Persons ('000)","Unemployment (% )","NAB Business Conditions","NAB Business Confidence","Gross disposable household income (AUD bn)","Avg. weekly Earnings; Persons; Full Time; Adult; Ordinary time earnings (AUD)","Purchase of vehicles: Chain volume measures (AUD bn)","Rent and other dwelling services: Chain volume measures (AUD bn)","Recreation and culture: Chain volume measures (AUD bn)","Food: Chain volume measures (AUD bn)","Final Consumption Expenduture: Chain volume measures (AUD bn)","Total Liabilities (including share capital) (AUD bn) ","Total Liabilities - Loans and placements (AUD bn)","Interest Rates (%)","New Motor Cars and station wagons Personal Finance (AUD bn)","Used Motor Cars and station wagons (AUD bn)","Aust. Passenger vehicles nos.","Aust. Sports utility vehicles nos. ","Average Age of Motor Vehicles (years)","Oil Prices (USD / bbl)","AUDUSD","AUDJPY","AUDEUR","Trade Weighted Index","Total New Vehicle Sales (000)"
-5,-0.0018568510975116,0.0161676249458426,0.0422430431015798,0.156640899225187,-0.0199824099594591,0.0223057917426508,-0.0119574098820758,-0.0244819136172462,0.0459142346392579,-0.00242118411903338,0.0674883128246151,-0.0101691666654033,-0.0420003237625241,-0.127729003657739,-0.00373498652580031,-0.00693851090634792,-0.032658204150046,-0.0288768925388977,-0.0315541001927358,-0.0240677792524684,-0.0449168680534388,-0.0209719360107483,-0.0170043653631373,0.0266626619682069,0.0231217764977252,0.0885850025957319,-0.0200644293457785,0.0486752202408682,0.0678927613914451
-4.91666666666667,-0.000545216240283137,0.00410871271265097,-0.0234854169654324,0.169679825689881,0.00411356443961461,0.00490841293296292,-0.00584243342750591,-0.02877295866238,0.0283342336519441,0.00629630708000093,0.0839588524675353,-0.0214959539121967,-0.025719445532574,-0.150699726705299,-0.00590719393482056,-0.0160349612341241,-0.0378752307094755,-0.0164034549962901,0.0287314817948538,0.0336221685360099,0.0502258071862495,0.0166129527784043,-0.0141060746014438,0.0245906760538633,0.00489003001614753,0.125497552539882,-0.0123112511561999,0.0586101068825656,0.0745963515358276
-4.83333333333333,0.00142643276526701,0.00770434528149688,0.0630474826286302,0.187987431284432,0.0473381365558139,-0.0222764028955052,-0.0148369770909291,-0.044478174220466,0.00487222998602551,0.0340242332937461,0.0843585204801583,-0.0326804643138456,-0.00195580378395371,-0.15745258896146,-0.000581193331889077,-0.0193739605759103,-0.0386898192815911,-0.00722273186628656,-0.029069587378657,-0.0657666831342247,-0.0420146129873971,-0.0182264923783188,-0.0114315893760978,0.0138515967933317,-0.0130123411301168,0.0143314239826978,-0.00507867522147511,-0.0203955981809717,0.0777466015920954
-4.75,0.01600511137814,0.0371839117739092,-0.00203940821790252,0.194811634453751,0.00154232131057564,-0.0493469696249148,0.0017168342435501,-0.0481270744380888,-0.00977242515356031,0.0526984683093053,0.121595785139483,-0.0243162801687733,0.0200425248288155,-0.188593558511263,0.00678393413190501,-0.0226251604151279,-0.0274635387069441,0.00361351102168593,0.0229883754490487,0.0199766694535602,0.0217420580370386,0.0107453009082814,-0.0126718465805726,-0.00158688734673352,-0.0350457186147631,-0.0116434790781236,-0.00763697948478918,-0.0375964388588861,0.0824109598365221
-4.66666666666667,0.0292961114075781,0.031706871112085,0.0128283844479398,0.184355262284704,-0.00072816176661496,-0.0642769985928755,-0.0068755434008058,-0.0274671975610144,-0.0238708635400327,0.0790952969263037,0.120095236256143,-0.0323489090448529,0.039296053834237,-0.185421140323219,0.0139951045955134,-0.0295054921279178,-0.0256748078135653,0.021329293804145,0.0162107367131778,0.015035399095959,0.0225274358369219,0.0188114942337128,-0.0208807748136095,0.017082818926816,-0.0318214481248497,-0.0732717123043188,0.00459521753808995,-0.0541082458984445,0.0776122043898912
-4.58333333333333,0.0400507483915055,0.036090775223862,0.0507852441036796,0.149803391906646,0.0110869598791739,-0.0641592792152515,-0.0135248498952095,-0.0232524827263388,-0.02889409558933,0.0898092817571555,0.104770318485634,-0.0384166619206699,0.0479850234087434,-0.173592562539415,0.0172943387114564,-0.0372640518787778,-0.0250757830513828,0.0291400753022459,-0.0359876745318551,-0.0556149208398509,-0.00753234337070724,-0.013969326849168,-0.0351508618700161,0.0304284856148133,-0.00822294415534736,-0.0539009194997591,-0.0186111789485099,-0.0302389077695898,0.071992127442941
-4.5,0.0428646129475317,-0.0085004343099583,-0.048622755389988,0.100146734743982,0.0723462309982497,-0.0559855112594961,0.0026049587315971,-0.0179910859173856,-0.049596550956801,0.0840778565645834,0.119683291116714,-0.0388513082807007,0.0621247720541601,-0.187506782793645,0.0183408264182852,-0.0361455427316162,-0.0212968515018127,0.0244185382490657,0.00449703733564587,0.0819757204299708,-0.0375154157970649,0.000921101288592783,-0.0829946265555611,0.00849523879481024,-0.0019039765341091,-0.0115727604503145,0.0139181319424883,0.00210262229637194,0.0571714118686785
-4.41666666666667,0.0458208787428105,-0.0592645451348536,0.00501584673432173,0.046028511383955,-0.00145247119542479,-0.0463196605750232,-0.00953725420269061,-0.00397067006145856,-0.0594227071637759,0.0601026994467972,0.0843302037764189,-0.0377653800118949,0.0548633580300331,-0.15859152781696,0.0108538363589171,-0.0213373156135365,-0.00503543419322958,0.0307920385846727,-0.00910773930256054,-0.00667023152386427,0.0666419423173739,0.0128400408272644,-0.0979427666036115,0.0593852160323397,0.0618309394266074,0.000763650228211715,0.0516131053450002,0.0472084742022276,0.0409520193991366
-4.33333333333333,0.0468116448952487,-0.00460066198171939,-0.0348494330106792,0.00386047088772996,-0.0815392680320353,-0.0350260537216982,-0.0246030832557989,0.0104298470553298,-0.069151163915123,0.0461568208478154,0.0299956540382148,-0.0349065156841705,0.0308656927206997,-0.131040679718302,-0.00927139352245734,-0.00439242953510938,0.0109367069093603,0.0323336018886098,-0.000761809990198108,-0.00512893780636486,0.0138878331566845,-0.000239631652109043,-0.105798329930904,0.0638802414440363,0.0531084379635702,0.0695021245209875,0.0536572279375639,0.073797203760571,0.0142114209418956
-4.25,0.0363983069789954,-0.0482614425731904,0.000529244039358069,-0.0230058615925677,-0.0295719711742087,-0.0236601623459259,-0.0185351224851862,-0.00857783432661458,-0.0784383586643125,0.0459173403125941,-0.0430385403410123,-0.0526571088121438,-0.00778706586268331,-0.107959479252241,-0.0500250538599007,0.0178563728808322,0.0250836770787701,0.0408523639170575,0.00146504878042197,-0.0374207525143782,-0.0246802021575601,-0.0257067460531196,-0.105804095007895,0.0491991740052631,0.0183116371518206,0.0265358356731577,0.0658914754143621,0.0437205339552547,-0.0247350518982003
-4.16666666666667,0.0362361938798526,-0.0224292523233079,0.0182059515475604,-0.0351885370597599,-0.0496225846011839,-0.0167463964850138,-0.0314969689314327,-0.00702749583101532,-0.0717901149984783,0.0510011994148541,-0.100581051069012,-0.0460952781628562,-0.0464086739846078,-0.0687883997740279,-0.0777925738767404,0.0153194817217412,0.012728554738777,0.0318193708054905,0.0259911391223791,0.0252994557525728,0.0471122131430324,-0.00555326353872503,-0.100450967056498,0.0327610316340363,0.00834665062297626,0.0549192900747805,0.0464501862741635,0.0456395265920463,-0.0654106649995266
-4.08333333333333,0.0405543160322304,0.0473242377254545,-0.00960359011704059,-0.0488280621820418,-0.0528247988515336,-0.0125856873482507,-0.0381126037707876,-0.0380229865773052,-0.0557703570165055,0.0293338893997953,-0.14876892391221,-0.0406920132175386,-0.0872057929875228,-0.0389555933711696,-0.109286706010412,0.00261108226524863,-0.00741161530176884,0.0199811431622484,-0.0278349131782082,-0.0798960304435874,-0.0102918649023744,-0.0263326407175385,-0.0955761494917408,0.0234465674668348,-0.0672835361456421,-0.0514439034892953,0.010447851419298,-0.0574019357523006,-0.105854893368232
-4,0.0511549732303884,0.0292886411642738,0.0494542273139351,-0.0755509889130103,-0.0183194172766392,-0.00473978036122619,-0.0437581417327476,-0.0339529280061166,-0.0393420850353102,-0.00250151746614713,-0.207346804228647,-0.0549346680517645,-0.150939299091323,-0.0183083903754753,-0.145333351135943,-0.0377243300988449,-0.0455341001467362,-0.0838774126164142,-0.00011515768345616,0.0084974684418634,-0.0384276410733836,-0.0222429609351298,-0.0885769713113714,-0.00834329493496165,-0.087916013872063,-0.131295384461197,-0.0363148980361938,-0.102845515034111,-0.142833802489045
-3.91666666666667,0.0518529418776301,0.0443609773115334,-0.0387998972824554,-0.106204688076106,0.0361099594881201,0.0142186680627045,-0.0223968640090673,-0.0303143089620404,-0.0300224314010951,-0.0542478463588622,-0.234195593936745,-0.0407412997395584,-0.179095758170347,-0.003296293115142,-0.161257552069024,-0.0539139946244105,-0.0570929971833745,-0.0208970909861463,-0.0262209045695508,-0.0268266331073967,-0.0209057765188328,-0.00209427463547296,-0.0897119710360373,-0.00786551029162465,-0.0444463714783678,-0.0710485136546982,-0.0691058099370439,-0.0442929478249171,-0.176341656858269
-3.83333333333333,0.0509290105980921,0.0195903116334621,0.0232582633642825,-0.134815814559961,0.0253643524583625,0.043656690522666,-0.0341808439946217,-0.0328298070643025,-0.0312030758591932,-0.0798379677398059,-0.23917446786418,-0.0259084101521362,-0.195906869343923,0.0052131801381398,-0.168944869330425,-0.059430386987602,-0.0583574099953227,-0.0353715317595474,-0.0233753908337374,-0.0350224045619636,-0.0503638355711411,-0.028719059507195,-0.0949119672196438,-0.0227502783692294,-0.0540010579200928,-0.0563374215196908,-0.0748943025179167,-0.0441832525200407,-0.189285363103677
-3.75,0.0453770721982899,0.0420848453413366,-0.0149443717105722,-0.153847466346559,-0.00874887963052685,0.0794228969582151,-0.0188106304297612,-0.0257774019900958,-0.0341651454415365,-0.0962211768939376,-0.221920381762023,0.00766459619260303,-0.197905432221359,0.0191693806354889,-0.136628012575725,-0.0527316605119209,-0.0424800346738626,-0.0402542792123736,0.00964107250771661,0.0324361330978593,0.00601631101171422,-0.0027069532856426,-0.0994499661226606,-0.073803741512091,-0.0606368109502923,-0.0386258954235318,-0.0738659624232361,-0.0493524652063733,-0.179437034720777
-3.66666666666667,0.0469604061383547,0.0369400127309236,-0.0253137461638021,-0.160372974619948,0.022025555731855,0.11124871908946,-0.0232719765536895,-0.0216108273793807,-0.0366712492707019,-0.0817351408273918,-0.211203012796499,0.0200372470812105,-0.185499177316596,0.00726902474365992,-0.118647835198814,-0.0479761712192957,-0.0327804316054833,-0.0354672233259531,-0.01577885424875,-0.0698339295391977,-0.0191919126132377,-0.00251792439820909,-0.0972412181569787,-0.0761907201719926,-0.0271627191375206,-0.0210538688755937,-0.064796329660707,-0.016677810846496,-0.148596934499844
-3.58333333333333,0.04535700892582,0.021281527665083,0.0349144425851277,-0.159009357036342,0.0868363993343505,0.133361041425965,-0.0393333102247626,-0.0111732135886496,-0.034809728294335,-0.0805183886999794,-0.189107118369839,0.0254465585528529,-0.165441381710563,0.00738598858854067,-0.0911913722071603,-0.0506820930534626,-0.03006735849192,-0.195802794160434,-0.000628840048161268,-0.0102400023387945,-0.0254390683270295,-0.0276445697057654,-0.0843793981740535,-0.0707269260783496,-0.0705319187010916,-0.0288235211745674,-0.062954360687063,-0.0562357731579844,-0.116888473102917
-3.5,0.04858469094134,-0.0086616464783664,-0.0750847933197001,-0.150460218113265,0.110890571053561,0.135416042937578,0.00196656836814484,-0.0131075876434163,-0.0181565515648229,-0.0720293531561702,-0.148538679762231,0.0503044149126237,-0.111806973388839,0.0316494313971634,-0.0275771243881633,-0.0572266440441527,-0.0347840127623947,-0.0181304945030905,0.0286219730726594,0.0227176464552275,-0.0479923681456355,-0.0148404947989934,-0.0762715811433494,-0.101303396513966,-0.107351442547724,-0.0383408950144054,-0.0555476540989181,-0.0867311387354104,-0.0952798558121456
-3.41666666666667,0.0388631538506502,-0.0269092788882471,-0.0166343016067895,-0.135414431784252,0.0670888785452995,0.121483610801332,0.0181737272431069,0.0198367788199258,0.00244407629798924,-0.0681695907207629,-0.114287794978269,0.0406299496846633,-0.0749308063544833,0.029673321401549,0.00305138944237349,-0.0604529126322933,-0.0397774953019912,-0.0227094239532545,-0.0241363695272585,-0.0158665720422233,0.0312225949146286,-0.00414117827986342,-0.0535214938357237,-0.110355522953685,-0.0436793412233061,-0.0622516628760369,-0.0285223647638122,-0.0464257336493418,-0.081241675512374
-3.33333333333333,0.0335156696666395,0.0206914580648488,-0.0413066064942338,-0.116644200204298,-0.0660538911484183,0.0871829779706315,0.0146943877041755,0.0379055709019612,0.0229069753649708,-0.0743769915001628,-0.0686371169977329,0.0262236182568782,-0.0394011445733972,0.0361737685411597,0.0358600734415605,-0.0640612329179776,-0.0457447938178083,-0.00976283060188083,0.000946238912309336,-0.0512171758005202,-0.000184920882829316,-0.000757371619604786,-0.0295441863746986,-0.0430574866242774,0.00476131000160511,-0.0142216152209091,-0.0226198718380204,-0.0206770865661845,-0.0779723265920192
-3.25,-0.00175752351314803,-0.0392411657997293,-0.0170026680282186,-0.0849228675234959,-0.0272837163018663,0.0349005856542966,0.0369565612004221,0.0813208535874922,0.0380796099849686,-0.0942516380163572,0.00199295439841513,0.0174536543675002,0.0134464342008385,0.082800197907914,0.0856820631554791,-0.0383615531712521,-0.033314462214603,0.00101246438376045,0.0389012782933296,0.0365999427568919,-0.00889041974732566,0.00523779864355363,-0.0063481701921433,-0.0294414894281007,-0.00480198556699605,-0.0536304280374011,-0.0287535922645487,-0.0474283863897818,-0.0697079122991201
-3.16666666666667,-0.0011676578225439,-0.0164865819474544,0.000961587635682351,-0.0377338037943912,-0.0268681826994285,-0.0255372455568693,0.050522336969025,0.042448727005771,0.0574751705871056,-0.131061220156351,0.0492588266962303,0.00133780327177903,0.0363892539148597,0.0960610335891738,0.1049871246324,-0.0256888638489832,-0.0300983102905,0.0128973342723974,-0.0178355114844393,-0.00858476159858687,0.00485991486500713,-0.0044223444564616,0.0143409724794786,-0.0199878437018023,0.0123597181018338,-0.180726177193071,-0.00350751871432806,-0.0865152399234216,-0.0418424005644588
-3.08333333333333,0.00266486406401844,-0.0158442654695943,-0.00969372804098637,0.0257371918966739,-0.0646438358111754,-0.0845345984887287,0.0403963825316284,0.0534866047584865,0.0741047156527737,-0.11665326369982,0.0947330996551862,-0.0127321995308481,0.0533907568478758,0.111547123495274,0.122318289410736,-0.00509741384282301,-0.0224344996345313,-0.0396225438453825,0.0115120209484947,0.0676121963517217,0.0385878086199137,0.0101247131570135,0.0321355200331412,-0.0357403730644387,0.04383947773265,-0.0821211492299337,0.0227136548591658,-0.0287350678642647,0.0153612857691839
-3,0.0158288677178424,-0.00580883562837088,0.062751111528824,0.0938846396538849,-0.0434172869466233,-0.134457531275817,-0.0283597268986813,0.0350839037255707,0.0773492157730199,-0.0798834843250505,0.112758221891218,-0.00499938745641453,0.0390020650163484,0.159316899545105,0.109458200178198,0.00649224163150438,-0.0293157617382371,-0.0380282349721561,0.0117046322011038,-0.00123359814855608,-0.014115761714201,-0.0152869441573553,0.048758542540858,-0.0304200291848348,0.0605478500610502,0.00915216228118009,-0.00615322432435599,0.0485792585421736,0.082553324604511
-2.91666666666667,0.0133802053294689,-0.0142652491150356,-0.0386975084575403,0.144698170212165,-0.0354148775349964,-0.171265840860341,0.0413122125180743,0.0327253548194464,0.0912578744026527,0.0126017066519217,0.136889920912083,-0.0138866191653487,0.0348335304313519,0.201739150206889,0.117109878450243,0.00952964407376011,-0.0296617137003709,0.0505740221984111,-0.0271515792586099,-0.0240058381490166,-0.0132576181771066,0.0199824702712362,0.0639793856087144,-0.0576245176496816,0.0218438364253325,-0.0162850907762213,-0.00158085806351482,0.00675559567580627,0.139893637516357
-2.83333333333333,0.00866695944609513,-0.0186820240470626,0.0817185236010817,0.165172663452658,-0.0258883825115368,-0.190620465783316,0.0467929706515224,-0.00309197924754987,0.094217352851934,0.0551606455503352,0.150014779576427,-0.0199212227193883,0.021678635918121,0.233344359092921,0.116591431521131,0.00632248279384735,-0.0351841925628643,0.0578346614417399,0.0157103122953483,0.018516253896946,0.0346112737574564,-0.00151398281945504,0.0787934552216171,-0.0366386170604066,0.0139144064334244,0.000723716091664317,0.0165167384250854,0.013048784796969,0.17211355178299
-2.75,0.00818604868508841,0.00548827280154713,0.00448678686585725,0.149357344958664,-0.0466637849225381,-0.182161399162998,0.048813155855585,-0.0396400040266706,0.0815259703270806,0.0779420561528132,0.140685428562764,-0.0141037302462584,-0.028794513457496,0.260592070232063,0.0843664907356562,0.00243865801922966,-0.0207462698241872,0.0611317900286892,0.0352616753557646,0.0127021986029198,0.015615821854674,0.0405228481412947,0.0910045605802018,-0.0439487294825065,-0.00398744055414153,-0.0122757874214805,0.0244703638289936,0.014608901243197,0.165629719320528
-2.66666666666667,0.0113725761417892,0.0392976486281527,0.00777895899644636,0.108103606158286,0.00253606457345629,-0.154387167318511,-0.0136397537983886,0.0931920193167205,0.0669661585128063,0.0427858367809853,0.143903013039676,-0.0169088301749869,-0.0374551529092659,0.275888317966293,0.07827498464653,-0.00457352086559649,-0.0264819123816597,0.0766531152310291,0.0178392598634062,-0.0181254398900235,0.00038022056439468,0.0168697470789803,0.0996945578410924,-0.0128655895376202,0.0076237462460148,0.0795859717369685,0.0567524975199913,0.053245247926277,0.130445451931
-2.58333333333333,0.0127018726421016,0.0389282538481709,0.0389318168944547,0.059946155042177,0.0236101693424273,-0.114776754873879,-0.0344492203215019,0.0178486803383723,0.049171693735229,0.0377912751164443,0.140423910616396,-0.0186213610784933,-0.046087478650454,0.271438515235451,0.0638511978226989,-0.0139562437169462,-0.030395678837445,0.0926112056211062,0.0345369934674379,0.0381629259327311,-0.000865996462241259,0.00482895515053985,0.104825933345129,0.0269035996497955,-0.00184379509834501,0.0215413264937189,0.0519549801131992,0.0686469427133149,0.0792755689882089
-2.5,0.0369950764770345,0.0507212479355471,-0.0456619177357521,0.0228854643716934,0.0752875287291811,-0.0721349616098804,0.0932969486003143,-0.0142237310601319,0.0451219313311273,0.0448306101391813,0.134796876605516,-0.0275259165572196,-0.0559013686821092,0.198557360918066,0.0580776299874403,-0.040816210079149,-0.0366772586155773,0.075133057504182,-0.0196899613521221,0.0197228061163454,-0.0638253478333424,0.0077912812017928,0.0657636807727356,0.0544163756111974,0.0439561179801852,0.0278374668052891,0.0427383545779446,0.0962852508108667,0.0489135410102189
-2.41666666666667,0.0283559070540691,-0.0218489602200054,0.00770632612552951,0.0100607538207835,0.00810913070946292,-0.0314334215449133,-0.0537384486165858,0.0259292605980481,0.027580285847381,0.0933395073158921,0.122012784567054,-0.0258594007871061,-0.0469879209935572,0.160350185289205,0.0426911564188052,-0.0446423328690992,-0.0372221615076729,0.0550718189519933,-0.00901061110252655,0.026910159708601,0.0508349553177241,0.0148292342980063,0.0637016156240147,0.0366217978495272,0.027953090341605,0.0258857010022938,0.0575301632934418,-0.0245097840724148,0.0527031554150457
-2.33333333333333,0.0170306380466982,0.00310978966447156,-0.0323723818830584,0.0212955646091907,-0.0439107985422193,0.00574167313118116,-0.145667024453474,0.00882366626406602,0.0118329489261753,0.11002487960567,0.0921066259792656,-0.0239688189227483,-0.0426633019944784,0.118420016484071,0.0182123840288906,-0.048604805121768,-0.0425320966489581,0.0384711067114779,0.0365300967850705,0.055498492197528,0.0210576484870386,0.041348247889567,0.0601011080406587,0.036856450421901,-0.000821727889895493,0.0461647366907419,0.0194638741973903,-0.0195550685274253,0.0784337162026702
-2.25,-0.03270673890017,-0.00825270678108328,0.00177165189448253,0.0497535557375014,-0.0748459924505485,0.0379770850683338,0.152315769386294,-0.0439561292766313,-0.0018688924675104,0.122876950975711,0.0532331705428537,-0.0299950624151269,-0.0145441210247595,0.00663970706022831,0.0124364668136119,-0.027383399220836,-0.0538379831037195,0.0389974993583329,-0.0389272803503999,-0.00336480813526926,-0.0296374917921161,-0.00477586652489173,0.0610303086618849,0.0306226996831812,-0.00414970091286905,0.0062377884732391,0.00101831529367537,-0.030401798105491,0.0982818601721443
-2.16666666666667,-0.0436747521496467,-0.0181853871192079,-0.0232153278531677,0.0833836889396415,0.0297571115652891,0.0611480225333144,-0.141221785637669,-0.0099595369263061,-0.0252549853346079,0.0939106552933938,0.010422606415949,-0.0343855852455921,-0.0114167762674238,-0.0508318855690365,-0.0249068307647964,-0.0330253375982723,-0.0622143621410433,0.0387950608298429,0.00814318109556994,0.0132771162437389,0.0295530877017576,0.01077560257519,0.0682629642828039,0.0342829785967567,-0.0229146513543743,0.0320267656784628,-0.0103343055489166,-0.00596755917796734,0.0836282728112665
-2.08333333333333,-0.0498747944163967,0.00704256405779049,-0.00679659776623829,0.107629983692228,-0.0113018926317331,0.0689200595564435,-0.0773449949302275,-0.013668402088538,-0.0462817652683319,0.0924628599659139,-0.0412367087031802,-0.0461068023088849,-0.0106388980965931,-0.103379348421745,-0.0662129438735744,-0.0363627234197639,-0.0651823938591372,0.0469714406097815,0.0664412509270543,0.0392840364182058,0.088156770899237,0.0417793002897482,0.0796302727116894,0.0444622069136925,0.00836439443844362,0.0102408732381538,0.0083989655788098,0.0176944394811475,0.0400457416007328
-2,-0.0367280754924204,-0.0112731403625322,0.0466653582503511,0.11369064853444,-0.0156342976909383,0.0629101036411292,0.0899670220419342,-0.0115581146025474,-0.0713739511986977,0.0422018950249019,-0.109436996120753,-0.0797924961137488,0.0236005498720998,-0.147640846848934,-0.0910365408489473,-0.0653854646930206,-0.0771690422121045,0.0532425868509586,-0.00933743475705569,-0.00253268145594288,-0.0511343179905027,-0.0637384497107431,0.0954105119026309,0.0663410257264334,0.0260860676695819,0.00588648618338261,0.00222127633460281,-0.00407349135974483,-0.0234993499425539
-1.91666666666667,-0.0406639756809211,-0.0335327456842256,-0.0441248671407524,0.108189629267836,-0.00602836299434821,0.042372790889487,-0.0306850079735564,-0.014294949761237,-0.0777692704785818,0.0432727685715222,-0.152494024278347,-0.100809253191311,0.0137500930155459,-0.198432537554539,-0.144906626592159,-0.0705689082952247,-0.0787550991038668,0.0646482218050781,-0.0550704603788209,-0.0360618436159284,-0.0410196000612636,-0.0121615680802818,0.106962819967299,0.0974278314006456,-0.00656202836283251,-0.09529668873299,0.0255836034836865,-0.0540243928895063,-0.0899421812382861
-1.83333333333333,-0.0454427337411624,-0.0333637324899388,0.0647090426855975,0.091590425212532,0.0420194567484053,0.0140161809491588,-0.0110254256248835,-0.00870112251798252,-0.0734253678541464,0.0355057871517553,-0.185624262581863,-0.122261136285327,0.00849208066662798,-0.244939532411123,-0.194277943112608,-0.0732610985452161,-0.0778678986531243,0.0715913524857902,-0.0282694104306476,0.0143760094525925,-0.0329428637490259,-0.024205245139695,0.113615567142391,0.129465739376575,0.0950570746720016,-0.0139693603497769,0.00363856449894932,0.050044847314452,-0.150853694601063
-1.75,-0.0475522965954948,0.00390700479567559,0.000412923598789133,0.070379607711862,-0.0565881714760481,-0.017091096468532,0.00712172063077263,0.01514102035049,-0.0653100741761169,0.0317991922976112,-0.225780649490797,-0.136622550227337,-0.0044576720892492,-0.25130872511701,-0.248446616161402,-0.056902686384054,-0.0620627205378402,0.0656549876699965,-0.0338904570568815,-0.0188484980473323,-0.00125898911800901,-0.0123224103124003,0.113849018478382,0.102636178849271,0.0870538859569403,-0.103529305916943,-0.026366074332147,0.00102292860870418,-0.177178438407826
-1.66666666666667,-0.048790071210972,-0.0191006546879059,-0.0131793848604771,0.0504636832921491,0.0476165205248783,-0.0407906524646538,-0.0404500100609915,-0.0639205888576186,-0.0637150338318377,0.00380388860592649,-0.242202461749224,-0.144627341258849,-0.0193483025168278,-0.269129842777874,-0.287857262523609,-0.056445657239424,-0.0595982649573035,0.0647747845761997,-0.0348817122698003,-0.026052529221484,-0.000830915898827746,0.0224307075097477,0.110574848019347,0.0905573492926635,0.0490947137388183,0.0736824951291531,-0.0319796150188624,0.0440678379756475,-0.161986104822719
-1.58333333333333,-0.0501268400062166,0.0163861469681035,0.0567814951788775,0.0265049539530944,0.00584690939750452,-0.0456676930590375,-0.0498689792860562,-0.0145436829544972,-0.0755477126903184,0.0107285347445073,-0.251491952854274,-0.143779848124573,-0.0272347256755586,-0.273440762988563,-0.312219420821422,-0.0557985226848158,-0.0540408305994596,0.010421512049067,-0.0176848399917952,-0.0016415993333557,-0.00624055728242047,-0.0379237667901554,0.105796519714826,0.0974291237307886,-0.0041613194442996,-0.0442598942384366,-0.0597387390757942,-0.0418867214882368,-0.12728197198383
-1.5,-0.0292050136334199,0.0308133692275474,-0.0541633319411861,-0.00144663454424108,0.0670948387919737,-0.0366465436713641,-0.0152872734528508,-0.064812900830603,-0.0737183170097973,-0.00804184586844367,-0.271573095263397,-0.11014290833726,-0.0537066391079821,-0.219654045598286,-0.35263478281197,-0.0694957143613289,-0.05887358333199,0.0304938307003871,-0.0547361495111623,-0.0256981340034122,-0.0871906664487025,-0.0620343084266322,0.0625270682590069,0.0500372164244971,0.0140504379481189,0.0864941652345535,-0.0231709177209301,0.059583694326032,-0.0942738460559409
-1.41666666666667,-0.0279481227573777,-0.0391327076804207,0.00397050166643888,-0.0398875192477948,0.00503313623493525,-0.0133098675337464,-0.0804404545289478,-0.00387142731191314,-0.0943985675896496,-0.0358257425138998,-0.268594629741941,-0.100706352291443,-0.0456293312926721,-0.18751161724597,-0.345506914099774,-0.0726664329459272,-0.0555298770377353,0.0173958620337959,0.0146058482256257,-0.0144062064461476,0.047781224006565,-0.00170269888833418,0.0566960793586034,-0.0156247426951646,-0.0330936727119392,0.0810266480101964,0.0350333327571006,0.034181179785276,-0.0836789171897843
-1.33333333333333,-0.0269599377706469,0.00958477346505752,-0.0390017753608563,-0.0903615571230895,-0.0616090042161956,0.0188392248564387,-0.0221695886121091,-0.0597211709399636,-0.110171970420873,-0.0462050668346562,-0.258634721629053,-0.0899048088249056,-0.030045729266884,-0.148434045262902,-0.323651144520599,-0.0768361179142449,-0.0582074067016449,-0.000723929916547286,0.0355325476282323,0.0338170870747718,0.0753391083145878,0.0204469275605208,0.0518034862604355,-0.0441379794835804,-0.0528264860987111,0.0153480833032161,0.0396704206150601,-0.00414331925989678,-0.0926783081104193
-1.25,-0.0552025492847562,-0.0205986025238237,-0.0151764825610866,-0.156235771643317,0.0187005492781487,0.0655629851386975,-0.0480415323076135,-0.0367697974929374,-0.0986263792329284,-0.0540706965905403,-0.218998076973996,-0.0687673613869129,-0.0277144785262341,-0.0660852290123704,-0.290574084312589,-0.0574140098979485,-0.0487586418869938,-0.0187812338519499,-0.0552176273034844,-0.0868619505868751,-0.0575058628975457,-0.0602188891481847,0.0477813148796956,-0.112433108470153,-0.0511777710508578,0.00216588101817838,0.0502319958673735,-0.0126265210648975,-0.12863062564964
-1.16666666666667,-0.0555445415940157,0.0179608595850401,-0.0316439554246366,-0.226955389462447,0.0181272271962797,0.118988949530793,-0.0134537974775878,0.00543893665328916,-0.103140903298877,-0.0239855223239818,-0.194614379908589,-0.0566807816736265,-0.01065650501958,-0.0177962460391485,-0.249025955436703,-0.0646216195695527,-0.0648829240322669,-0.0464376081652502,-0.00969956441075771,0.0157675915940093,-0.00842604210713134,-0.00711864180766934,0.0475309153434183,-0.166747317237182,-0.115619172482434,-0.0776997465385735,-0.0722623176986313,-0.101402339188153,-0.186786857587177
-1.08333333333333,-0.0562362365232764,-0.0109935496122714,-0.0205855933012904,-0.284345597600177,0.0239461793226625,0.167076488228329,-0.0688492825055654,0.0604947381430427,-0.105030963881332,-0.0249665810713409,-0.16933332648688,-0.0407858883652621,0.00384061904109344,0.0249687424823461,-0.203879215413791,-0.0818655281185458,-0.0960613660222953,-0.086187583091624,-0.000863562224364614,-0.000713960113830487,0.0343942600735156,0.0297415235503186,0.0519342554383026,-0.153321955581325,-0.0855846905612449,-0.0840064473062616,-0.0547657126838709,-0.0949481295340531,-0.24158669863366
-1,-0.0460303867543346,0.0349698356021044,0.0208617671776741,-0.30908220568087,-0.0185985909433913,0.201018349397337,-0.0230075664857219,-0.0971775085751904,-0.0987323700803539,-0.0407979463187886,-0.121882242080981,-0.0212220894430731,0.00734373854601901,0.058009297316238,-0.169076783317359,-0.105323503402813,-0.122982649492285,-0.141939046259661,-0.0143981320961262,-0.00921602294542819,-0.0720102482088375,-0.0885031888010393,0.0613530870965731,-0.154823862166195,-0.101181921919859,-0.146881444214177,-0.18708508653385,-0.130329730208611,-0.262700889787596
-0.916666666666667,-0.0492024852336035,0.0129392370229661,-0.0780162975270181,-0.309948751783882,0.0683081556651109,0.228154881362218,-0.0273972153560828,0.0563555007661024,-0.0995969313974354,-0.0964543556045105,-0.112196163027199,0.00159235332097626,0.0140131780694525,0.0892431646577318,-0.117416384415818,-0.0994745268709494,-0.129315795849388,-0.196118111357387,-0.00747558393438668,-0.0133885502838391,-0.0112199664224808,-0.00285786745293816,0.0697400173974027,-0.149975856556746,-0.0904225823400673,-0.117424255296126,-0.0920294917394451,-0.0997762286845413,-0.207858548500776
-0.833333333333333,-0.0545035344372107,-0.0246464827677669,0.0177237112797023,-0.292652878453756,0.107376073590374,0.241376809486002,-0.00524497082412793,0.0358861439760038,-0.102367984458574,-0.0942697378853157,-0.103289912026268,0.0256466050751516,0.0236594864686679,0.110937517232586,-0.0643965384890097,-0.0902092538959296,-0.127329315994605,-0.224946569895305,0.0047144179472839,-0.00291541836486106,-0.0239658801485967,-0.0360255920642807,0.079796834903222,-0.140176733632619,-0.0332077323047808,-0.0476987505342943,-0.0330038185155801,-0.0272003556657818,-0.134260724995998
-0.75,-0.0524717798632641,-0.0128943708749238,-0.0265083112004658,-0.264181999398657,0.0170319346177142,0.24358735623283,0.0130032387812573,0.00403560927174793,-0.157168408981496,-0.0788591429775394,-0.150165075914595,0.0141809878279512,0.0303478655854244,0.0846577826071409,-0.0286647510721698,-0.0593852747401185,-0.0986154111064922,-0.233241640302701,-0.00317307299426778,-0.00411843120778735,0.00437458811474504,0.00546126087668781,0.0905795401333355,-0.15562442792042,-0.0505905767515519,-0.00911924039387928,-0.00954377112246293,-0.0456724788861758,-0.0633823082027029
-0.666666666666667,-0.0512082194039319,-0.042202018877704,-0.0360214876355003,-0.226190323608041,0.0403731909822785,0.230826313780068,0.0855428408071857,0.0809811464811618,-0.136456936766974,0.0153879780036851,-0.11862280521597,0.0345769224310508,0.0448703083009113,0.0871379830431461,0.0262984753105552,-0.0448780630311223,-0.0761069801105514,-0.174527861470085,0.0155347625283296,-0.0063346268024006,0.0378953564672678,0.0285913310857803,0.10086696288627,-0.0887296242337974,-0.022339229488947,0.0104513188110523,0.0709519940904172,0.00665666342535017,-0.0185311867330497
-0.583333333333333,-0.0540169491283415,-0.0131919352447104,0.0323328686590726,-0.180076090039499,0.108595325660021,0.203222384812705,0.136501065315047,0.0648590776933654,-0.104822931166874,0.0269376472883668,-0.0608750354606077,0.0500598052335515,0.0656390445068814,0.0814115779611732,0.081189905770775,-0.0351256026598991,-0.0532562675393299,-0.18366109577228,0.000600066403984541,-0.00949530620237735,0.00673288288625728,0.00068272333858179,0.110593365345087,-0.0820165647550178,0.0344925717617227,0.0883566331979792,0.070790498280201,0.0679416654880291,0.00481323695112177
-0.5,-0.0452212426032495,0.0532325379311113,-0.101898049510778,-0.133523579566493,0.0801109942609457,0.16095423309377,0.0575881258131047,0.0807201145692563,-0.0248029733494454,0.0178125339108375,0.0511234952050978,0.0153177788502639,0.129578427768018,0.0485657598059567,0.136985066247134,-0.0246064691347502,-0.0328111184085409,-0.153967358598835,-0.0732373100613345,-0.0272936126238492,-0.096251166228841,-0.0159291673175213,0.132129634928095,-0.0349934919865622,0.0268000097395419,0.0960864912039211,0.045371279765982,0.0677579805756448,-0.0139254242782854
-0.416666666666667,-0.0596183258095139,-0.144913464790288,-0.00925675294793015,-0.0839691173906954,0.0168058321870333,0.10501733031216,0.10454047897417,0.0698060199586846,0.0112531129383518,-0.0014836218969417,0.157679622436397,0.0306204578410275,0.144075764801004,0.0267426676821921,0.177976720054142,-0.0178360546634753,-0.0127066859213274,-0.038942548500077,0.0581228669177803,0.0519647278905987,0.0489455808927376,0.0566788118767218,0.136594117627408,0.00404948973725343,0.0465204190871223,0.0862363485688493,-0.00964876486763521,0.0690124833149282,0.0414154561440994
-0.333333333333333,-0.0905277815874428,-0.0311440823045484,-0.0326231268420927,-0.0255430187081689,-0.0305173287619488,0.0414682632539483,0.144395066277098,0.145498649073613,0.0381315154787301,-0.0165630831461116,0.270663225575774,0.0453113980445912,0.154878714610513,-0.00143482719709649,0.210566195968975,-0.0112455237603334,0.00380943076602967,-0.0874909661129644,-0.00838333848982444,0.0261104533265861,0.0126399759346329,0.0254976312950699,0.134026171231001,-0.00684407730784411,0.118604636406098,0.0632653184866443,0.0488135626034746,0.112039385538122,0.128140817854969
-0.25,-0.138669272818516,-0.00243514371539905,-0.0159001930671087,0.0344883411553778,-0.0457442759895318,-0.0257562343514205,0.0851188917789982,0.0338294699607131,0.0757333461121308,-0.0187749728562251,0.418828840057543,0.0415399528405274,0.147794155208817,-0.00437314285922564,0.229795711616674,-0.013281413334107,0.0437387115831731,-0.0466144779330613,-0.0724634854739812,-0.108187527896668,-0.065038129251015,0.00456628686039146,0.124072291789058,0.0430308945867511,0.134375292911909,0.113223394681162,0.115651277115871,0.148438516225542,0.272259921788193
-0.166666666666667,-0.149876241419448,-0.0478157469332211,-0.0137068011835489,0.0827893903029248,0.000112384914851602,-0.096788404203291,0.0464642939193565,0.0357613932306429,0.071697435229812,-0.0226501524847824,0.503934762894603,0.0584138571780213,0.153317795740102,-0.0397292272586678,0.246966710582396,-0.00435908834005937,0.0547551599184549,0.0841384921609488,0.0953148689739325,0.105234011351091,0.0790211140795238,0.0628888400251191,0.110354157744843,0.0939188241410736,0.141706916052705,0.107994927562274,0.0334860682118153,0.139377592235403,0.440919651553424
-0.0833333333333333,-0.152217048788221,-0.0101938834218831,0.00846916473273989,0.0955383522230415,-0.0868882379297265,-0.157940557386484,0.200036264147952,0.0679325118388855,0.0434859406188613,-0.00506081059053773,0.562774469239056,0.0431400469932217,0.145831637002949,-0.0667163858657649,0.248303547954199,0.0131285877441476,0.0698604182122169,0.0606217531716458,0.0586817261923394,0.0393320491735875,0.0341583698758647,0.0214342902930586,0.0967910811494008,0.115819347395222,0.18507027133383,0.146552062972398,0.178806445788439,0.190493440072426,0.565864540514385
0,-0.135019814589891,0.0229040856567067,0.062587204960102,0.0751703746047854,-0.0927311943993349,-0.206542377986147,-0.0425081398635812,0.0893259664947343,0.0119929147592061,0.0292401265703421,0.582200606466128,0.0464853974389317,0.117826606640193,-0.0563324452894054,0.267243161981057,0.0538274677199592,0.0352651050055581,0.112788233480347,0.00461047001124878,-0.078829295185482,0.208323495393917,0.117156951876234,0.0852973133688756,0.0723218751935949,0.110835572224762,0.147014187953469,0.162214404070387,0.12911143148564,1
0.0833333333333333,-0.133823473273986,0.0285691824734674,-0.0533653505738457,0.0414295710404028,-0.0400788595856993,-0.251085060951169,0.0911981730642038,0.0219673700547085,-0.0177523662305191,0.0913911229559903,0.58718273315178,0.0381841785522551,0.126217550091411,-0.0556627889287871,0.27145307269498,0.0830735196857776,0.0564688736995909,0.200970138325543,0.212042917717501,0.10853013267764,0.0313068495631194,0.0615265844248714,0.0736662792378509,0.158175330820031,0.103520682672171,0.112529761419808,0.177406830704629,0.122325319754808,0.565864540514385
0.166666666666667,-0.132803518899765,-0.0468576757817714,0.0719085593061115,0.0215605458112253,-0.0594404168533337,-0.286388167493096,-0.0173642980930559,0.0386971306664837,-0.0422779407610602,0.0931460105565637,0.568362144322448,0.0279145184628763,0.1353864416422,-0.0382145991996853,0.272668988576051,0.107700154747589,0.073072279965294,0.195079995397663,-0.0783150366191054,-0.0502689709675748,-0.0210379920802174,-0.0385413357085108,0.0632327623568574,0.1225266008234,0.0615559394193035,0.0974132715465476,0.0535540269787091,0.0742678330627134,0.440919651553424
0.25,-0.108930167028325,0.0613719494217454,-0.00296230024606832,0.0225241314923826,-0.0922899387885161,-0.318325312265071,-0.00630979513514385,0.0191706701182955,-0.0787206640306306,0.0853268244968477,0.470518774076712,0.0586084114456203,0.112291425857116,0.0126552742317018,0.281490452565011,0.0987380701814755,0.103747801072029,0.218426215486218,0.0399957716880739,0.0606054892742106,0.0383333765439371,0.0220995693202747,0.0524760908504729,0.139798258690713,0.0545021965435899,0.064358027249002,0.0862899131228826,0.06642992559756,0.272259921788193
0.333333333333333,-0.0996210332348857,0.0154973365460727,0.0165378302937344,0.0597896211396065,-0.0407318588423457,-0.342387736573836,0.0434946961811793,-0.0543088614747757,-0.0945359224775164,-0.00757907054536361,0.396628999412268,0.0520365325697184,0.115288821596101,0.0494372371417108,0.267955369320025,0.0950825952414105,0.102992932083201,0.212946367128637,0.0302687573244395,0.044148249876493,-0.00902933851114526,0.0278241041098094,0.0395613576683441,0.113033923609704,0.103173327643559,0.0847579431726778,0.0750555608544278,0.107211162148933,0.128140817854969
0.416666666666667,-0.0935134707926738,0.0981764568387174,0.0868213633283313,0.130496360189693,-0.0474989274896568,-0.354194698818507,-0.0155576776463243,-0.0695308531149019,-0.108890150922651,-0.0284853713783745,0.297973546008773,0.0439681700038366,0.109510263139802,0.0820614969306385,0.242483736660961,0.0853244274252616,0.0935609998336397,0.205537435686753,-0.00612200583443213,-0.0157660328022453,0.000817434432829847,0.00992905095119413,0.0230954442814849,0.0292686588903302,0.114829464714475,0.0881874492108895,0.0184100927243958,0.104550445786524,0.0414154561440994
0.5,-0.0503936206369361,0.0786531581028091,-0.0281192648336229,0.210559181514155,-0.0365931205748922,-0.34711872607052,0.00088427819620793,-0.0232451243105707,-0.143889317084027,-0.0420219195213863,0.120481187857928,0.058398991495383,0.0994874195469166,0.0669950036804227,0.193315446302925,0.0758058307302656,0.0846422278612032,0.192581807625493,0.00571855653962341,0.0681307243466573,-0.117451770521826,-0.0363067756934984,0.0120215090457729,0.0722427841529674,0.02528082520381,-0.0015533329368449,0.00636308213988946,0.00251855875643594,-0.0139254242782854
0.583333333333333,-0.0476400369457033,0.0257917302801854,0.0676265597680402,0.261889402864087,-0.020921020271165,-0.312023698677199,-0.0498205750439721,-0.116755901338335,-0.150622853789249,-0.0379731305102536,0.00546535392283315,0.0402183091082038,0.0849372360707317,0.0808841661596825,0.157603055623459,0.0646266794233374,0.0655374721564391,0.0736446490106295,0.00471043494801208,-0.00492674382689244,0.0497635825960773,0.0387140697526256,-0.00499620007847916,0.0263443272102379,-0.051516920116184,-0.0585370604756269,-0.0516175571312567,-0.0729206859637384,0.00481323695112177
0.666666666666667,-0.0414137943974533,-0.131638946903235,0.0184891868199481,0.263952728456535,-0.142820335040771,-0.25877484474938,-0.0496932527089268,-0.122094355459384,-0.147939138350227,-0.0440055869856099,-0.102704879236212,0.0244219401763701,0.0703236094095081,0.0833795170525296,0.124270198892454,0.0492276892233878,0.0442308836002556,0.135359812104228,0.117503623489075,0.0671799442216796,0.0566243321085745,0.050972886887856,-0.0205912714195505,0.0223157850411455,-0.124766657918512,-0.0540481849943168,-0.0652499775348698,-0.113139568593047,-0.0185311867330497
0.75,-0.079719593855286,0.0294680149557467,0.0170332729953195,0.22241041045618,-0.0319988599535264,-0.150083344512334,-0.107628459464988,-0.0792389984360361,-0.0949305662929212,-0.056185940026432,-0.172696081735842,0.0303838193664756,0.0882592266861708,0.0461765785408629,0.0879771003449509,0.0364555545016015,0.03605483003955,-0.0230620564792715,-0.0108284949864704,-0.0374689872060675,-0.0374013493273997,-0.0353307747842701,-0.0351942437967209,0.0338190453969762,-0.0755730361008081,-0.0437935528091341,-0.00981125890284031,-0.0512098360541447,-0.0633823082027029
0.833333333333333,-0.0672568281904608,0.0416842529612523,0.0170872751209553,0.152848331573391,-0.0432423043907056,-0.117337402418164,-0.0486273021490955,-0.0375362436514688,-0.0600975533373676,-0.0104201566852466,-0.234600144072905,0.0369168448388011,0.0728895175160785,0.0433238584843092,0.0688977362437038,0.0152849470235855,0.0188521748397505,0.0642058098915445,0.0680072038541433,0.0901466571648582,0.024603686768707,-0.00199351355584094,-0.0467899761842735,0.0116041288975041,-0.104783131751331,-0.101058641311778,0.0134734232337906,-0.0929042324449701,-0.134260724995998
0.916666666666667,-0.0553602410931381,-0.0961189349810566,-0.00603618220099901,0.0834473666113533,-0.038972917777164,-0.0465275698918312,0.00356814946922542,-0.0425185545218665,-0.0139031386734503,-0.0329219385721626,-0.270721204441555,0.051594683895193,0.0531763591400668,0.0360447436995539,0.0502226887523031,-0.00366342795747748,0.00846631750007406,0.0413809809711532,-0.0133740716053229,-0.0335946340088556,0.0108505257469494,-0.028563100553485,-0.0549478144398282,-0.0116509226484087,-0.0902766705255917,-0.0555692361026188,-0.0810822842626225,-0.0811096542907281,-0.207858548500776
1,-0.0425191861366847,0.038732170964097,0.0332748597828015,0.029826134712251,-0.0556891668409915,0.00683380537960875,-0.0797771509881322,-0.174784015310092,0.0855595147830389,-0.0631965875845896,-0.178603995114813,0.0730730157370452,0.0537674990205478,0.0359885945322612,0.0219456033081206,0.00102417070154352,0.00463876422616662,0.0124644384834877,-0.0397500623903997,0.00282809626624883,-0.043346241973714,-0.0520853042585418,-0.0603955527390387,-0.0130699868933906,-0.0595607119388177,-0.0707980972405376,-0.178822254721057,-0.0958975014347825,-0.262700889787596
1.08333333333333,-0.0319335927753186,0.00803896456113082,-0.0272460169851999,-0.00931412469923089,0.0260851588681881,0.0462164011479554,-0.0868707457502361,-0.0192772311718516,0.108279048093547,-0.113756010480631,-0.19214786479509,0.0791327393726103,0.0148973765640308,0.00635699439793137,-0.0147063444567651,-0.00469751215788952,0.0015474869572633,-0.0180633401115484,-0.0556943336477939,0.0140561355435447,-0.0366596595358267,-0.0290912582891085,-0.0640931957212209,-0.0152124464031417,0.00721773996034692,-0.0585580683730636,-0.136121478897691,-0.0349787386566475,-0.24158669863366
1.16666666666667,-0.0170594880287765,0.0293471417655592,0.0917486605772399,-0.0307117306644441,0.0523958990336927,0.0718450001575518,-0.0377154557257917,-0.323118249386011,0.110259408000735,-0.133874764238843,-0.201774485745534,0.0754262318984656,-0.0299118254591192,-0.0314710137607914,-0.0595480759736443,-0.00560370498851573,-0.00314701994690155,-0.0537463799388995,-0.0848254744005496,-0.0739730702028941,-0.0510295910810728,-0.0552097694508857,-0.0688932167896164,-0.0309367650377183,-0.0715004772314043,-0.101181143150805,-0.264689688679192,-0.128824861383023,-0.186786857587177
1.25,0.00890528199765913,0.00482916324284561,-0.0210646731793386,-0.0416525785597971,0.0389912560233769,0.077552762966562,-0.127961151265071,0.0986739141541287,0.00859113207542008,-0.135756614742094,-0.208198157209033,0.0749884193905399,-0.0610615330444738,-0.0339658589904229,-0.0818997900961607,-0.0204204195688961,0.000579045846333048,-0.151020905266853,0.0238334534331317,0.0530639189253433,0.0232849538893639,-0.00645417456529182,-0.0746425816968652,0.00461054935464556,0.0234142190965176,0.00981453739184018,-0.0937096588233539,0.00933535436051061,-0.12863062564964
1.33333333333333,0.0220608662739642,0.00707062885680512,-0.000462890683338713,-0.0585168136046265,0.0234709946470155,0.0789155895239701,0.00920223400094195,0.0962643446316051,-0.00931215106857515,-0.133865397082956,-0.20924410833624,0.0608057248528092,-0.0989550987734699,-0.0662958799693558,-0.12221192850588,-0.0246010454792376,-0.00768262142249373,-0.0846536396445485,-0.0133876966638201,-0.0210608678844631,0.00734772169302974,-0.0190145710239323,-0.0794848832897903,0.0300317057381905,0.0350760131176703,0.0316007263587416,-0.0210304767365841,0.0349026354936916,-0.0926783081104193
1.41666666666667,0.0277316552234593,0.0521880734854104,0.0455105909529177,-0.0938457231198676,0.0540241626870776,0.0640625443267288,0.0213594040029741,0.102994183405234,-0.0227718556311932,-0.100618593787308,-0.198203191465778,0.04750228038456,-0.124274139610387,-0.0827569854970611,-0.14729448279955,-0.0278278216785426,-0.0131435415659529,-0.112989347354482,-0.0593071203566646,-0.0754850203042855,-0.00332497184076045,-0.0512700044188771,-0.0831490879497695,0.0516262148285167,0.0114571622542348,0.0347544060221384,-0.0573085662024285,0.0133701529231988,-0.0836789171897843
1.5,0.0383627719959186,0.0302234479249871,-0.0564338717447347,-0.13592013653218,0.117629982811135,0.0530206522539272,0.00910135183114612,0.0603674966876288,-0.0697815552712802,-0.05986995708434,-0.188298397973953,0.0389223404386795,-0.0888470083533875,-0.059246707415726,-0.110091020738691,-0.0047920313865304,0.0108107385730818,-0.0593201671008615,0.025000658021288,0.0447857371108433,-0.0459307545199032,-0.00747843225538818,-0.0772775510655284,0.0269053880583555,0.0348977573775396,0.0175413237890807,0.0368714680511537,0.0368809199651165,-0.0942738460559409
1.58333333333333,0.0388553499625626,-0.0110551191676776,-0.0210789225439661,-0.174757139246188,-0.0121789321424405,0.0459507873342703,0.0909327776881478,0.0805936506517621,-0.0634967020580686,-0.0217846283837757,-0.143600391407925,0.0309136675915364,-0.0911097919321103,-0.0382134112533859,-0.111438534746599,0.00234641774027279,0.014406864844645,-0.0444343468957899,-0.0393298449074651,-0.0507820098845543,0.0148425149079938,0.00568648840816136,-0.0802389714973663,0.0176489690382409,0.0481394347939453,0.0235113348438568,0.0294607071013605,0.0492932959381335,-0.12728197198383
1.66666666666667,0.0470595425698137,0.0723869621088581,-0.0436347501954921,-0.194511680530626,-0.0614886609834438,0.0439641162855639,0.0256513547768774,0.0172849768595168,-0.0523650759182822,0.00857741782124049,-0.083795232574159,0.0232666285375939,-0.0834003619228494,-0.00573572218216386,-0.104485157772468,0.00283897723828929,0.0143654078227629,-0.0375190031793151,-0.0381061720886253,-0.028180011188141,-0.000709887406904978,0.00206046434000287,-0.0808636592521956,0.00695908985858816,0.0415352367795144,0.00035715422058236,0.0110134380881231,0.0322730249446906,-0.161986104822719
1.75,0.0276929454233609,0.0447696806452281,-0.0361124664644455,-0.184202470428148,0.00563404082011956,0.0457094035429793,0.0782551822088222,0.00772993061038409,-0.0767142400654559,0.021382566212806,-0.0656042172055348,0.0203578468969526,-0.0772221564221439,0.0194221455811274,-0.0898239774340177,0.0265750008803105,-0.00385736698100188,-0.0276081402467911,-0.0157281557661673,-0.0223510157385304,-0.0400169976898622,-0.0212964476476537,-0.0791279189418837,-0.0373222746202564,-0.0154116242883493,-0.0659190261799712,-0.0980258719245173,-0.0422115485237383,-0.177178438407826
1.83333333333333,0.0422168758712592,0.0482288922537865,0.00111853185644067,-0.148556306640452,0.00256950873653234,0.0472902525289514,0.0326915613661752,-0.053241910780202,-0.0816835158236361,0.00394001725157271,-0.00954839878333932,0.015717138139133,-0.0607506184520492,0.0487552570501042,-0.0719524358591166,-0.00434369957264528,-0.0201399734056479,-0.00462274505004091,0.0125302109467562,0.0144049655805825,0.0091440155268825,0.0278813160554612,-0.0750619195521181,-0.0695013315821015,-0.0140808946808165,-0.0468663225306161,-0.0604192004135827,-0.0247189887704389,-0.150853694601063
1.91666666666667,0.0460097428253506,0.0604298702797441,-0.0363083933172167,-0.101543044819465,0.0307242747537525,0.0417068424208211,-0.0240400435689409,-0.0595662950266276,-0.0954012194307143,0.000232710130587318,0.0379556812577348,0.0173662158762922,-0.0407301516756736,0.0740419345339418,-0.0457657011095875,-0.0410532526792156,-0.0398690951529482,-0.0514262648411874,-0.0468140411645309,-0.0697742848479923,0.00642908635727056,0.0106651915136485,-0.0695744997617191,-0.0570687326589114,-0.0709271028577099,-0.0864466426697057,-0.119062336123878,-0.0806483323702859,-0.0899421812382861
2,0.0523393265403597,-0.0199138214180535,0.0351985789520748,-0.0580946528102122,-0.0828182517536504,0.0377395845745486,0.0272028699938158,-0.069263870874914,-0.0530126585088501,0.00533930561973776,0.0495015836160397,0.0183237025966626,-0.0717479540006928,0.0113737050161242,-0.0549293260896577,-0.093076620699123,-0.0621062674568893,-0.0137967599494665,0.0335948352426885,0.0281474071496188,-0.0149882520064918,-0.0098008934916049,-0.062108597252177,-0.074289718000282,-0.0978552984772776,-0.0561762775765756,-0.0153467691163974,-0.0737396638695804,-0.0234993499425539
2.08333333333333,0.0339538199527357,0.0231260546909781,-0.0351261281855976,-0.0239319294063909,0.0345019541502441,0.0379425175474075,0.0224123953351057,0.127081137660609,-0.0540532843867437,0.0257111430842407,0.0914173238458654,0.019268289468121,-0.0494315477116077,0.029391975351608,-0.0170427995916816,-0.105187562207643,-0.0718906703027008,-0.0515753179999517,-0.0245341411683287,-0.019670930547503,0.0025833659043574,0.00687745047396793,-0.0524294545019501,-0.0661157303623983,-0.0684511207048964,-0.0145372762910858,0.084586363859501,-0.0245503513722413,0.0400457416007328
2.16666666666667,0.0111825274553409,-0.0437622507882857,0.0566794247013516,-0.00198507859138921,0.044179173006402,0.0392005403054453,0.0566105056901292,0.0289297270309005,-0.0529296148251689,0.0167659519868371,0.131902340183418,0.00606794058233843,-0.0330396255941646,0.0411922182452166,0.0163649049626287,-0.105393048573418,-0.0818263585876918,-0.0417443008642919,0.0120748757662593,-0.041841495584945,0.000700433128003453,0.00665574796571512,-0.0415200650262222,-0.0640682354765391,-0.0926265348386902,0.00581496500359669,0.0806443908863674,-0.0433159834871532,0.0836282728112665
2.25,-0.00148580661003634,-0.0544191545854239,-0.0497522522375412,0.00415209573323812,-0.0216642156506082,0.0504371117178742,-0.0177106156457271,0.0215732434744957,-0.00141033658205296,-0.0121103869525173,0.17263239841652,-0.0246932489517977,-0.0706850321495172,0.00993140722483148,0.00451189891487117,-0.126489490066062,-0.117405500840524,-0.027345800386821,0.0540657537541675,0.0302587480499,0.0485027984064312,0.0473851490512841,-0.0304319599417053,-0.0895107563889441,-0.069331415406868,0.0122503597955041,0.112849089697134,-0.0285526023065419,0.0982818601721443
2.33333333333333,-0.018534148712251,-3.04794152586674e-05,-0.00096635040718391,0.000704148492360435,0.0543966921070063,0.0618140981614045,-0.00239863329603463,0.0413927946958247,-0.0243743255450478,-0.049521243755455,0.194219343494894,-0.0582225927447608,-0.0705981571671097,0.00606286836791106,0.0177787198648165,-0.126434644510188,-0.135743591577208,-0.020565569676081,0.0128485155835458,-0.0380154140916064,0.00446523268197224,0.0175352863311133,-0.0195311504140896,-0.0579258137280879,-0.070088816105691,-0.00836863588010033,0.0766185254153782,-0.0507573147603039,0.0784337162026702
2.41666666666667,-0.0344315522785248,-0.010171237636401,0.0596801658198161,-0.000999209368996348,0.0485075221812524,0.061023277497628,-0.0225948704972677,-0.0464508746445539,-0.0583961710047908,-0.100484525356811,0.198119515131632,-0.0877665317387155,-0.0797835880822985,-0.00989948547075957,0.0190063247660058,-0.1275517291685,-0.149078755981188,-0.00396979097892868,0.0297071447050123,-0.00615253869719908,-0.0148371329372315,0.00693016902158251,-0.00923009538510763,-0.0140800247479058,-0.060214060327144,-0.0352146194415025,-0.0174981394880722,-0.0677230810961733,0.0527031554150457
2.5,-0.0328995071264942,0.0241401122972096,-0.0434067216853234,0.00328863985716571,0.0931947764290678,0.0396950820415319,0.0112790850008531,0.00351519447067838,-0.10434910649987,-0.146393922755733,0.231435694045295,-0.0976821231467854,-0.087383262971897,-0.00607471574279693,0.0143757560574617,-0.136278479922629,-0.152685325668148,0.00388808029618178,-0.0217971971140705,0.0303165234039022,-0.0320471534086621,0.00714742354731661,-0.0343493447548084,-0.0150302244294633,-0.0222301936609598,0.0128832394678094,0.0172315698909587,-0.0164215260363883,0.0489135410102189
2.58333333333333,-0.0515418311874736,-0.0339931824838285,0.0116451202735304,0.0106251867557769,-0.0153185810259042,0.000703452979743264,-0.0231889161777625,-0.0311219069501595,-0.132149374958569,-0.188313917651331,0.20079055803934,-0.103159629457429,-0.0981028534522768,-0.0450314296322687,0.00516717575112513,-0.125506664212867,-0.139403218838517,0.0145284040141879,0.0111258832778298,-0.00834633455423287,0.0187540347814858,0.00854743970045954,-0.0280724850988058,0.00495092978427591,-0.0114601904539882,0.0024902299189534,0.0426147101664755,0.000701882102684404,0.0792755689882089
2.66666666666667,-0.0678607154485607,0.0222986288023999,-0.0452296440819614,0.0263109728919907,-0.0489116475877981,-0.0433981824398439,-0.00247120447130114,0.0272396202755213,-0.145340151805501,-0.183048916082178,0.157100151982843,-0.104615841796568,-0.108819112735466,-0.0925815473040499,-0.0088757549877129,-0.107532588385857,-0.118857358411372,0.00580351832535753,-0.0388869763423637,0.0325772734538541,0.0416885229878197,0.0369882875440885,-0.0244577534856535,-0.0356827779255863,-0.0146274173602519,0.0148343383216441,-0.000297929035419282,-0.00653525417791168,0.130445451931
2.75,-0.112988060040327,-0.0435106236402418,0.00139823274834917,0.0525638108288266,-0.0570357469165752,-0.0874203549548697,0.0178096192980392,0.104951785716645,-0.164597589441128,-0.144561577723146,0.144018603452779,-0.0990721741663136,-0.0567608769660414,-0.105508462431335,0.0255753447437082,-0.0469175390487536,-0.0322254496959306,0.00625277577152372,-0.0131262799293453,-0.028528159937711,-0.0290533597068002,-0.00191437403152031,-0.0213522088033508,-0.00533760150778449,0.0346849108075919,0.0556679468381363,0.0472668126191279,0.0409253893985758,0.165629719320528
2.83333333333333,-0.113594377661651,-0.0622715324384917,0.0172568453412961,0.0949430724662694,-0.0275182206065291,-0.114685898448899,0.0281304264189856,0.0485026885568484,-0.140114601124168,0.00208292506546866,0.0981118410289415,-0.104395034840367,-0.0632692470447046,-0.146527396743466,0.00599717223974434,-0.0258162239294605,-0.0189001867530395,0.0114865843638238,0.0505635795544639,0.0515001073222036,0.0410193555780748,0.0268919056447132,-0.0183477474657309,0.0799844118712308,0.0546488948284753,0.0722045498096425,0.0223702907746991,0.0534630720290202,0.17211355178299
2.91666666666667,-0.110189861931686,0.00191556270950015,-0.0187447324728617,0.141812670784298,-0.04720104784988,-0.121742525013235,-0.00828826438581723,0.139129410097514,-0.104106781393193,0.0512346551479483,0.0569558699337537,-0.111321512967239,-0.0660078515685416,-0.172195570787385,-0.0144198011899299,-0.00730457570915758,-0.00994762201074967,0.0308114403244461,0.0145089954422018,-0.00264029338068738,0.0577346919557118,0.0233643193809094,-0.0168979715515323,0.0749158344060249,0.0368794248199383,0.0849849102987308,0.139578907059259,0.0604961587042973,0.139893637516357
3,-0.0968628755523006,-0.0380023163569879,0.0501179088870432,0.178172795002657,-0.0727761230362176,-0.112518590181025,0.0281214576955447,0.00726028955312427,-0.050624816152497,0.0857826392189612,0.00808188702614699,-0.111517130055369,-0.0302170520614927,-0.13832312823228,0.0162078949222611,0.0070851192184556,-0.0178113329943311,0.0510211092187954,0.000177151100921536,0.0327659123818591,-0.0204043600904205,-0.0562371220254143,-0.0160906999079913,0.0783816722310146,-0.00572734406901376,0.0284987200858034,0.00640798204250999,-0.00813159358016951,0.082553324604511
3.08333333333333,-0.0908875958487268,-0.0162246220339433,-0.0168450748976053,0.194750530683445,-0.0302910687281334,-0.0957466905101685,-0.0141838701193238,-0.0101112061123373,-0.00742563622609634,-0.0146339791278182,-0.0252462874105242,-0.0992758303643614,-0.0261287715690315,-0.124021236777286,0.00169254639838991,0.0156068941047213,-0.0101012401188764,0.0765589662479079,-0.0610849085989384,-0.0429241606846246,-0.0106560830306367,-0.0393284165692034,-0.0212212755371398,0.0625877305891666,-0.0122426404763985,-0.000692854902099779,0.0129739931561763,-0.0186054796562232,0.0153612857691839
3.16666666666667,-0.0807456621748748,-0.0499555236155723,0.0932480706107741,0.183769588447087,0.0307709014211787,-0.0741805161375144,-0.0721077768078889,-0.0988781430844405,0.033086194714463,-0.00613999097249153,-0.0554467815214181,-0.0793262569568469,-0.0209317872249835,-0.0910113568260761,-0.00830540166814877,0.0197418168017103,-0.00211538737094011,0.0946212605456148,-0.00984929175960334,0.0103568274749278,-0.000732187418547085,-0.040657148485283,-0.0285159122184873,0.0110513748421162,0.0556535558166922,0.0388129875687782,-0.0655475336431551,0.03738172846872,-0.0418424005644588
3.25,-0.0604286862242219,-0.0367226307792361,-0.0164150994510772,0.153146836740856,-0.0283911595864744,-0.0507449153135065,-0.0531477629264356,-0.0622299836567773,0.0766029763068076,-0.00329331168826323,-0.129080145666636,-0.0650557991733516,-0.0296752922161447,-0.00735654297647484,-0.0174504226873128,0.0286912749707501,0.00740721299575317,0.100146089678487,-0.0266247656913303,-0.00299143019097293,-0.00618045412596806,-0.0126480921506524,-0.0359748558682822,-1.70624341380907e-05,0.0159226246096011,0.0409687052717705,-0.0422713843438982,0.0256534970050513,-0.0697079122991201
3.33333333333333,-0.045985578983791,0.0298621025089086,0.0149095221775706,0.111508252498028,-0.0104336339344194,-0.0261894207990733,-0.0345717066083115,-0.127913037650697,0.0955819722908001,0.0316782286034327,-0.155798329922612,-0.0599994904114026,-0.0342077800055563,0.0335783931902434,-0.0236961950339411,0.0260474171531,0.0146143639144343,0.0862788048425333,-0.0787537358127425,-0.0692315594501093,-0.0274195360081469,-0.00636847870288762,-0.0390540143005808,-0.0130259167224384,-0.0148999955043945,0.0357251653845985,-0.11384222607177,-0.0103100588397604,-0.0779723265920192
3.41666666666667,-0.0362275016103926,0.0149709651376193,0.0621285151064812,0.0651967053025799,0.040132186124131,0.00500269282643895,-0.0862988529580681,-0.0563225143707342,0.0996737072111057,0.0345870677073961,-0.182985978780439,-0.0677820160164737,-0.0396847567668207,0.0705575113184275,-0.0248425315921345,0.0246824767937156,0.022539350725409,0.14084863700589,0.0289565448278237,0.0252373155892198,0.00840627296278161,-0.0022676876863035,-0.0378183133770856,-0.0171106155922786,-0.0177346010933384,0.0171061362422764,-0.13371687466015,-0.0223557474778269,-0.081241675512374
3.5,-0.0160816680077973,0.0237021823220003,-0.0407517664814259,0.0253041360824195,0.0650081661257947,0.0332489117591156,-0.0962516649670541,-0.00904790350117868,0.10491368480163,0.0334913796376702,-0.231108989833074,-0.0827629037006282,-0.0866739210328232,0.100901225884297,-0.0408365312330778,0.0254255979624006,0.0339280000000672,0.022623268892072,-0.0275749738528643,0.000149613826128706,-0.0500107477715784,-0.0218994101980824,-0.0334902203273542,-0.0203089708516417,-0.0560281956660532,0.00457112673139366,-0.0368132937952788,-0.0424131261734014,-0.0952798558121456
3.58333333333333,-0.0138963593272458,-0.0353891655636579,-0.0131940760721494,-0.0012639124779231,0.0322153895231884,0.059505459747387,0.015194190863945,0.0194490042107145,0.106438916173165,0.00852533616588265,-0.246460986739874,-0.0877881173666512,-0.0755066396968497,0.126703795282784,-0.0226999409133555,0.0338690371643843,0.046137743883524,-0.000708190288313321,0.0242750055529313,0.0209350401368429,0.0465157068759356,-0.00945786949604811,-0.03014393338146,0.0211719239690616,-0.0739922922485156,0.0352086810585017,-0.0607149973083237,-0.0523115602212242,-0.116888473102917
3.66666666666667,-0.00988442593393824,0.0218318824442117,-0.0279189773864366,-0.0204328840050636,-0.0539192342823081,0.0779623242895181,0.0206769247280636,0.0574328090978611,0.113989775635708,-0.0126548045096505,-0.250372624242269,-0.0793015373749247,-0.0490215385310018,0.146279930524968,0.0061982595072003,0.043449434629851,0.0576637137303137,-0.00443099717033598,0.0421539167221033,0.0550431182698306,0.0346182534037794,0.00680113032663403,-0.0286560518885771,0.0177384069003437,-0.10805921485145,-0.0764807108418742,-0.0612402891678396,-0.106229282520267,-0.148596934499844
3.75,-0.0422681139655654,0.00938612197463659,-0.0202262993637735,-0.0422167866747409,0.0212276717480287,0.0849873310519065,0.0191696462114149,-0.028161455866086,0.116021758384093,-0.0420854146537341,-0.230383184871658,-0.0553668855665471,-0.0388975847770593,0.134141992858797,0.0204249332045245,0.055661360546268,0.0620061623995523,0.000921929200437187,-0.081638988638613,-0.0789922852301422,-0.0679166933385776,-0.0772223762186533,-0.0294481740502832,0.026252807607693,-0.14371995832798,-0.0249844937614289,-0.123584040978038,-0.117715640395732,-0.179437034720777
3.83333333333333,-0.0339798837745364,0.0171396013212061,-0.0133863178596106,-0.0630056999067023,-0.00850022545713693,0.0714149682164505,0.00206710630304821,-0.0113075883262534,0.110970017383851,-0.106586181912341,-0.216244997938227,-0.036313221077275,0.00848882597309546,0.128873408730098,0.0548492228824615,0.0650148577217064,0.0704807452485589,-0.00244330737388956,-0.00781292286289865,0.00335715634486925,-8.88646305092034e-05,0.0135931464920181,-0.0302359741232524,0.0133190076499025,-0.0929600016922861,-0.0592221665293736,-0.138349779119578,-0.101701573643323,-0.189285363103677
3.91666666666667,-0.0265618932514246,0.0221682267027729,-0.0138928500309718,-0.0778674162236176,-0.00869205329154911,0.0429469935810589,0.0344672837476382,-0.0153739675541703,0.0943523950861467,-0.127301372717425,-0.194034073933942,-0.0213451520375212,0.0564203441273286,0.10513211789503,0.0841251961543406,0.0718621383071738,0.0754531740304409,-0.015931602368032,0.0300679997760298,0.0254605415710934,0.0567546047993116,0.0274867861019432,-0.0305361821608984,-0.037931780896584,-0.0970114815738999,-0.0893752142655277,-0.138593295961711,-0.108756963328374,-0.176341656858269
4,0.00244330894607914,0.009163786021998,0.0223207741600385,-0.0836823620348857,-0.0226579219831533,0.0107535881450309,0.00833487635432599,0.00580112417137659,0.058216269174023,-0.137521924367237,-0.133921272403627,-0.0229562451404916,0.0990481867387434,-0.0121708204030988,0.0697629029692362,0.0644187236367586,0.0569503571538768,-0.0239061979330691,-0.0172579362851067,-0.0145266690712625,-0.0777359597125,-0.0636594192475704,-0.0290486333790352,0.0287684758379544,-0.0132245145314641,-0.0058815385371316,-0.0619954778806087,-0.0111799596587298,-0.142833802489045
4.08333333333333,0.00829058679681899,0.0228060995283395,-0.0512951537673676,-0.0773435587189753,-0.0182968135760362,-0.0167000353792247,0.0030159379554366,0.01829182215583,0.0408571077525516,-0.0847784540640931,-0.0972593439730013,-0.0248455795965248,0.143622626244937,-0.0622230610975738,0.086040455866928,0.0521436146125247,0.0498595804090634,-0.0391910233566532,-0.026992688417163,-0.000216661516941213,-0.000898365838618196,0.00497230963697908,-0.0246149728700186,-0.0198838009346217,0.00524157469120729,-0.0524723132045897,-0.0525040914590092,-0.0123923572531427,-0.105854893368232
4.16666666666667,0.0147966088165011,-0.0319009017539874,0.0690216302377231,-0.053935487470633,0.0315454540884285,-0.0333714348884349,0.0465365375073769,0.0841264654787593,0.0329140723625859,-0.0842529537383425,-0.0567824162429702,-0.0262277803206661,0.183143612481346,-0.117894899020691,0.097969359664621,0.0302985952458594,0.035377708692438,-0.0490541455953459,-0.0210068868799715,-0.00558156953107996,-0.00649661396546563,-0.00794161711379815,-0.017992864272998,0.0609882980417843,0.0408741294188737,-0.00887726182372968,-0.0176738964402888,0.0262373292741567,-0.0654106649995266
4.25,0.0246678915470435,-0.0453935888009787,-0.0348973219812183,-0.0188777066733056,-0.0471993359735248,-0.0400466998533578,0.0885257049718916,0.0563676918522762,0.0411279739605172,-0.0861542242995255,-0.0174944582185002,-0.0363462690454475,0.234379953837927,-0.207393350358705,0.099670072518487,-0.0123945929951672,0.0189424648596353,-0.0494689931866344,-0.041708364130506,-0.0210212830932145,0.00594501441289835,-0.0168602162355904,-0.0111270369585563,0.0223983528865965,0.0817674205465706,-0.0422834166075401,0.03371915503344,0.049311386140586,-0.0247350518982003
4.33333333333333,0.0301789622760956,-0.0503577432731634,-0.000479886277599893,0.0236371059893521,0.0120858755543088,-0.0323911063866634,0.0567347772152553,0.0347379791738866,0.0478829171582075,-0.0620483182784978,0.0184993662237424,-0.0157307059358018,0.254361419317462,-0.234112757471096,0.106719504235406,-0.034385224750918,-0.0106602386962469,-0.040528864208376,0.00805647621042443,0.0302357766199602,-0.00221762170396361,0.0140699453509114,-0.00561425574674798,-0.0170360610130072,0.0909563415672437,-0.0295672319833274,0.0460700264206033,0.0509450787309329,0.0142114209418956
4.41666666666667,0.0308369119077553,-0.00335966853006104,0.0476348816496005,0.0620371454585298,0.0206323789710208,-0.0180271731346656,0.0668753932836434,0.0473664983306017,0.0526800126620555,-0.0682042577828254,0.0492277329813553,0.0125761663779703,0.259429291636381,-0.240119616582936,0.106783915956571,-0.0483821360639626,-0.0418367957871195,-0.025828338325376,-0.0587572361182632,-0.0519884734815068,-0.0328527493965479,-0.0172398446488115,-0.00273448350033959,-0.0426803249724832,0.0590552149593843,-0.0349674329603199,0.0149679532305892,0.0281299953938467,0.0409520193991366
4.5,0.058118377027861,0.000714881871578142,-0.043613976112418,0.0867238026958369,0.0715206603008888,-0.00482510600922162,0.044003102132712,0.0168197038101492,0.0561075803498031,-0.0675713977331221,0.0652391699248738,0.0302388079693528,0.253232856931728,-0.181002794995083,0.0956521831580752,-0.0511300432743634,-0.0798216616479252,2.32606120650778e-05,-0.0173118029503462,-0.0361571872041281,-0.0269446814908044,0.00877150477650766,-0.00272835723836119,0.0199633255385384,0.0542968518112081,-0.0291405759734992,0.0979892134299892,0.0470442218260376,0.0571714118686785
4.58333333333333,0.0477354453323707,-0.0524633165067364,0.0401717366763045,0.0955519184399503,-0.00159002268497689,-0.00258719672744296,0.0363112468962143,-0.0801110454091469,0.0366067760699449,-0.0740949443059952,0.075563608720986,0.0491895652336769,0.220986244973659,-0.157280671899006,0.0776665604532598,-0.0577381603283081,-0.104064516185938,0.0162067919884526,0.0614981042714479,0.0339430411213768,0.0475465283978108,0.0467784742429496,-0.00363904156370978,0.00519697161631661,0.0869765891028222,0.0155986117452993,0.0526561112193838,0.0715334748365709,0.071992127442941
4.66666666666667,0.0329004159379646,0.0806886416068477,-0.0327756073770216,0.0938781546983217,-0.0507495213565331,-0.015383893522926,-0.0546127549980436,-0.0859313196643234,0.00427782124776163,-0.0589141900720015,0.0777965657510267,0.0509779219834875,0.175797374144321,-0.128202116545974,0.0497581852449271,-0.0709058902070739,-0.123438999533223,0.0674688818333486,0.0339640854492383,0.00682286518809875,0.0230698919126547,0.054389934682837,-0.00541335676881198,0.00256987889674245,0.0454780894502217,0.0042637501377878,0.076572352773514,0.0540135101425517,0.0776122043898912
4.75,-0.028768624779612,-0.026205443857669,0.0180347371788181,0.0884977750467319,-0.000350875619694227,-0.0330066115959435,-0.00847132113669722,-0.0536826870525819,-0.0511046495046309,-0.0342451049682473,0.0638440859563183,0.0278968451165811,0.107933528590122,-0.0623907425088569,0.0186311536375787,-0.0633740878788586,-0.10386589904857,0.0333258330818432,-0.0088595595052457,0.0118106726522787,-0.0314620555765132,-0.0404524804448364,-0.00727161182071756,-0.06007818133738,0.0939155912828094,0.0291772237815724,0.116615352443586,0.0923105539876913,0.0824109598365221
4.83333333333333,-0.0537855162029565,-0.002427872085642,-0.0127279955515564,0.0826080857048826,-0.032035335017947,-0.04849149466351,0.0521394928453841,0.00911979433302757,-0.0822133434665454,0.0168834282974595,0.0555799426209648,0.00381392394939313,0.056677922971404,-0.044567670303244,-0.0186265087070926,-0.0860886026702457,-0.107807611893494,0.0368974170823597,0.0301928923886245,0.0325784644696555,0.0299926729382172,0.0352314129819448,-0.00602618254987458,-0.00164897929480636,0.0392142499844904,0.0454494787115165,0.135257718699367,0.0679996915547266,0.0777466015920954
4.91666666666667,-0.0819513302630023,0.0275515157920181,0.0106125884284085,0.0806739061768671,-0.0331200535375389,-0.0555955641120482,-0.0343561045692925,-0.0303727588193027,-0.103154281875633,0.0501247553771821,0.0443663361061922,-0.0252025630897763,0.0136916433713873,-0.0282033169307405,-0.0517729934286376,-0.103742282534853,-0.10609445604713,0.0363332925664993,0.00281088679126241,0.0189936212513927,0.0692876042368209,0.0582072184466573,-0.00409857899232956,0.00582622279628125,0.0682906977781315,0.0797841328720873,0.168163761031695,0.100832284816216,0.0745963515358276
5,-0.084596537389796,0.0280117456867182,0.0285877494616251,0.08736102089788,-0.0630284999308691,-0.0561974429741362,-0.0170505546775876,-0.0148706302983718,-0.128047910085328,0.0733896350751625,0.0202087952523874,-0.0426666188324804,-0.0340139473422496,-0.0235612240675024,-0.0752983952994996,-0.166381050263521,-0.12506508656768,0.0273760295721215,-0.0423131766172029,-0.0265045821607962,-0.0664268819567913,-0.0610181277656764,-0.00358630528213862,-0.0191908153373047,0.0138740902944299,0.0461825763249068,0.0663446365534903,0.0288870728192887,0.0678927613914451
